"Family","Subfamily","Genus","Species","Junior synonyms","Country (type locality)","Subregion","Region","Type locality"
"Protoschizomidae, Rowland 1975",NA,"†Onychothelyphonus, Pierce 1950","†O. bonneri, Pierce, 1950",NA,"USA","North America","Pliocene","Bonner Quarry, N. side of Black Mesa, 27.4 km S of Ashfork, Yavapai County, Arizona, USA*"
"Protoschizomidae, Rowland 1975",NA,"Agastoschizomus, Rowland 1971a","A. huitzmolotitlensis, Rowland, 1975","Schizomus sp., Reddell, 1967c","Mexico","Mexico","New World","Sótano de Huitzmolotitla, 1 km ESE of Tlamaya, San Luis Potosí, Mexico"
"Protoschizomidae, Rowland 1975",NA,"Agastoschizomus, Rowland 1971a","A. juxtlahuacensis, Montaño-Moreno & Francke, 2009",NA,"Mexico","Mexico","New World","Grutas de Juxtlahuaca, Guerrero, Mexico"
"Protoschizomidae, Rowland 1975",NA,"Agastoschizomus, Rowland 1971a","A. lucifer, Rowland, 1971a",NA,"Mexico","Mexico","New World","El Sótana de la Tinaja, 10 km NNE of Ciudad Valles, San Luis Potosí, Mexico"
"Protoschizomidae, Rowland 1975",NA,"Agastoschizomus, Rowland 1971a","A. patei, Cokendolpher & Reddell, 1992","Agastoschizomus sp., Rowland & Reddell, 1977","Mexico","Mexico","New World","Cueva de la Llorona, 3.5 km SSE of Yerbabuena, Tamaulipas, Mexico"
"Protoschizomidae, Rowland 1975",NA,"Agastoschizomus, Rowland 1971a","A. stygius, Cokendolpher & Reddell, 1992","Agastoschizomus sp., Rowland & Reddell, 1977; Agastoschizomus sp., Reddell, 1981","Mexico","Mexico","New World","Sótano Hondo de Pinalito, Pinalito, Hidalgo, Mexico"
"Protoschizomidae, Rowland 1975",NA,"Agastoschizomus, Rowland 1971a","A. tamaulipensis, Monjaraz-Ruedas, Francke & Cokendolpher, 2016",NA,"Mexico","Mexico","New World","Grutas de Quintero, 1.5 km S of Quintero, Ciudad Mante, Tamaulipas, Mexico"
"Protoschizomidae, Rowland 1975",NA,"Agastoschizomus, Rowland 1971a","A. tenebris, Monjaraz-Ruedas, Francke & Cokendolpher, 2017",NA,"Mexico","Mexico","New World","Cueva del Diablo, Pena de Valle de Bravo, Estado de México, Mexico"
"Protoschizomidae, Rowland 1975",NA,"Agastoschizomus, Rowland 1971a","A. texanus, Monjaraz-Ruedas, Francke & Cokendolpher, 2018",NA,"USA","North America","New World","Seminole Canyon Cave, Seminole Canyon State Parc, Val Verde County, Texas, USA"
"Protoschizomidae, Rowland 1975",NA,"Protoschizomus, Rowland 1975","P. franckei, Monjaraz-Ruedas, 2013",NA,"Mexico","Mexico","New World","Cueva de Boca del Diablo, Acuitlapaán, Taxco de Alarcón, Guerrero, Mexico"
"Protoschizomidae, Rowland 1975",NA,"Protoschizomus, Rowland 1975","P. gertschi, Cokendolpher & Reddell, 1992","Agastoschizomus sp. Rowland & Reddell, 1977","Mexico","Mexico","New World","Sótano de Riachuelo, 6.5 km N and 2 km E of Miquihuana, Tamaulipas, Mexico"
"Protoschizomidae, Rowland 1975",NA,"Protoschizomus, Rowland 1975","P. occidentalis, Rowland, 1975",NA,"Mexico","Mexico","New World","20.9 km SW of Colima, Colima, Mexico"
"Protoschizomidae, Rowland 1975",NA,"Protoschizomus, Rowland 1975","P. pachypalpus, (Rowland, 1973b)","Agastoschizomus pachypalpus, Rowland, 1973b","Mexico","Mexico","New World"," Nacimiento del Río Frío, 4.8 km S of S Gómez Farías, Tamaulipas, Mexico"
"Protoschizomidae, Rowland 1975",NA,"Protoschizomus, Rowland 1975","P. purificacion, Cokendolpher & Reddell, 1992","Protoschizomus treacyea, Cokendolpher & Reddell, 1992","Mexico","Mexico","New World","Cueva X, Conrado Castillo, Tamaulipas, Mexico"
"Protoschizomidae, Rowland 1975",NA,"Protoschizomus, Rowland 1975","P. rowlandi, (Rowland 1975)","Protoschizomus pachypalpus, Rowland, 1975","Mexico","Mexico","New World","82.9 km E of Ciudad Valles on Highway 70, San Luis Potosí, Mexico"
"Protoschizomidae, Rowland 1975",NA,"Protoschizomus, Rowland 1975","P. sprousei, Cokendolpher & Reddell, 1992",NA,"Mexico","Mexico","New World","Cueva del Tecolote, Los San Pedro, Tamaulipas, Mexico"
"Hubbardiidae, Cook 1899","Megaschizominae, Rowland 1973a","Megaschizomus, Lawrence 1969","M. mossambicus, (Lawrence 1958)","Schizomus mossambicus, Lawrence, 1958","Mozambique","Eastern Africa","Old World","Serra da Gorongoza, Sofala, Mozambique"
"Hubbardiidae, Cook 1899","Megaschizominae, Rowland 1973a","Megaschizomus, Lawrence 1969","M. zuluanus, (Lawrence 1947)","Schizomus zuluanus, Lawrence, 1947","South Africa","Southern Africa","Old World","KwaZulu-Natal, South Africa"
"Hubbardiidae, Cook 1899","Hubbardiinae, Cook 1899","†Annazomus, De Francesco Magnussen & Müller 2022","†A. parvulus, De Francesco Magnussen, 2022",NA,"Myanmar","Southeast Asia","Cretaceous","Burmese amber, Hukawng Valley, Myanmar, Cenomanian"
"Hubbardiidae, Cook 1899","Hubbardiinae, Cook 1899","†Annazomus, De Francesco Magnussen & Müller 2022","†A. xxx, Müller & De Francesco Magnussen, 202X",NA,"Myanmar ","Southeast Asia","Cretaceous","Burmese amber, Hukawng Valley, Myanmar, Cenomanian"
"Hubbardiidae, Cook 1899","Hubbardiinae, Cook 1899","†Calcoschizomus, Pierce 1951","†C. latisternum, Pierce 1951",NA,"USA","North America","Pliocene","Bonner Quarry, Yavapai County, Arizona , USA"
"Hubbardiidae, Cook 1899","Hubbardiinae, Cook 1899","†Cretacezomus, De Francesco Magnussen & Müller 2022","†C. angustocaudatus, De Francesco Magnussen, 2022",NA,"Myanmar ","Southeast Asia","Cretaceous","Burmese amber, Hukawng Valley, Myanmar, Cenomanian"
"Hubbardiidae, Cook 1899","Hubbardiinae, Cook 1899","†Cretacezomus, De Francesco Magnussen & Müller 2022","†C. robustus, De Francesco Magnussen, 2022",NA,"Myanmar ","Southeast Asia","Cretaceous","Burmese amber, Hukawng Valley, Myanmar, Cenomanian"
"Hubbardiidae, Cook 1899","Hubbardiinae, Cook 1899","†Groehnizomus, De Francesco Magnussen & Müller 2022","†G. oculiferans, De Francesco Magnussen & Müller, 2022",NA,"Myanmar ","Southeast Asia","Cretaceous","Burmese amber, Hukawng Valley, Myanmar, Cenomanian"
"Hubbardiidae, Cook 1899","Hubbardiinae, Cook 1899","†Groehnizomus, De Francesco Magnussen & Müller 2022","†G. rodrigoi, Müller, 2022",NA,"Myanmar ","Southeast Asia","Cretaceous","Burmese amber, Hukawng Valley, Myanmar, Cenomanian"
"Hubbardiidae, Cook 1899","Hubbardiinae, Cook 1899","†Mesozomus, Müller et al. 2019","†M. groehni, Müller et al., 2019",NA,"Myanmar","Southeast Asia","Cretaceous","Burmese amber, Hukawng Valley, Myanmar, Cenomanian"
"Hubbardiidae, Cook 1899","Hubbardiinae, Cook 1899","†Muellerizomus, De Francesco Magnussen & Müller 2022","†M. amandae, De Francesco Magnussen & Müller, 2022",NA,"Myanmar ","Southeast Asia","Cretaceous","Burmese amber, Hukawng Valley, Myanmar, Cenomanian"
"Hubbardiidae, Cook 1899","Hubbardiinae, Cook 1899","†Muellerizomus, De Francesco Magnussen & Müller 2022","†M. palicaudatus, De Francesco Magnussen, 2022",NA,"Myanmar ","Southeast Asia","Cretaceous","Burmese amber, Hukawng Valley, Myanmar, Cenomanian"
"Hubbardiidae, Cook 1899","Hubbardiinae, Cook 1899","Adisomus, Cokendolpher & Reddell 2000a","A. duckei, Cokendolpher & Reddell, 2000a",NA,"Brazil","South America","New World","Reserva Floresta Adolpho Ducke, 26 km N of Manaus, Amazônia, Brazil"
"Hubbardiidae, Cook 1899","Hubbardiinae, Cook 1899","Afrozomus, Reddell & Cokendolpher 1995","A. machadoi, Lawrence, 1958","Schizomus machadoi, Lawrence, 1958; Lawrence, 1969; Rowland & Reddell, 1977","Angola","Western Africa","Old World","Forest of Luachima, near Dundo, Angola"
"Hubbardiidae, Cook 1899","Hubbardiinae, Cook 1899","Ambulantactus, Monjaraz-Ruedas, Prendini & Francke 2019","A. aquismon, Monjaraz-Ruedas, Prendini & Francke, 2019",NA,"Mexico","Mexico","New World","San Luis Potosí, Mexico"
"Hubbardiidae, Cook 1899","Hubbardiinae, Cook 1899","Ambulantactus, Monjaraz-Ruedas, Prendini & Francke 2019","A. davisi, Gertsch, 1940","Schizomus davisi, Gertsch, 1940, Rowland, 1975, Rowland & Reddell, 1980; Stenochrus davisi, Reddell & Cokendolpher, 1991, Reddell & Cokendolpher, 1995","Mexico","Mexico","New World","San Fernando, Tamaulipas, Mexico"
"Hubbardiidae, Cook 1899","Hubbardiinae, Cook 1899","Ambulantactus, Monjaraz-Ruedas, Prendini & Francke 2019","A. montielae, Monjaraz-Ruedas, Prendini & Francke, 2019",NA,"Mexico","Mexico","New World","Morelos, Mexico"
"Hubbardiidae, Cook 1899","Hubbardiinae, Cook 1899","Anepsiozomus, Harvey 2001a","A. harteni, Harvey, 2006",NA,"Yemen","Western Asia","Old World","Wadi Danegan, Suqutra (=Socotra) Island, Yemen"
"Hubbardiidae, Cook 1899","Hubbardiinae, Cook 1899","Anepsiozomus, Harvey 2001a","A. sobrinus, Harvey, 2001a",NA,"Seychelle Islands","Eastern Africa","Old World","Aride Island, Seychelle Islands"
"Hubbardiidae, Cook 1899","Hubbardiinae, Cook 1899","Antillostenochrus, Armas & Teruel 2002","†A. pseudoannulatus, Krüger & Dunlop 2010","?Mayazomus pseudoannulatus, Krüger & Dunlop, 2010","Cuba","Caribbean","Miocene","Dominican amber, Hispaniola, Miocene"
"Hubbardiidae, Cook 1899","Hubbardiinae, Cook 1899","Antillostenochrus, Armas & Teruel 2002","A. alejandroi, Armas, 1989","Schizomus alejandroi, Armas, 1989; Stenochrus alejandroi, Reddell & Cokendolpher, 1995, Harvey, 2003","Cuba","Caribbean","New World","La Cuaba, Holguín, Cuba"
"Hubbardiidae, Cook 1899","Hubbardiinae, Cook 1899","Antillostenochrus, Armas & Teruel 2002","A. alticola, Teruel, 2003",NA,"Cuba","Caribbean","New World","La Mercedita, Moa, Holguín, Cuba"
"Hubbardiidae, Cook 1899","Hubbardiinae, Cook 1899","Antillostenochrus, Armas & Teruel 2002","A. anseli, Teruel, 2015",NA,"Cuba","Caribbean","New World","Guantánamo, Cuba"
"Hubbardiidae, Cook 1899","Hubbardiinae, Cook 1899","Antillostenochrus, Armas & Teruel 2002","A. brevipatellatus, Rowland & Reddell 1979a","Schizomus brevipatellatus, Rowland & Reddell, 1979a; Rowlandius brevipatellatus, Reddell & Cokendolpher, 1995, Stenochrus brevipatellatus, Armas & Teruel, 1998","Haiti","Caribbean","New World","Cap-Haïtien (=Cape Haitien), Nord, Haiti"
"Hubbardiidae, Cook 1899","Hubbardiinae, Cook 1899","Antillostenochrus, Armas & Teruel 2002","A. cerdoso, Camilo & Cokendolpher, 1988","Schizomus cerdoso, Camilo & Cokendolpher, 1988","Puerto Rico","Caribbean","New World","Bosque de Luquillo, Puerto Rico"
"Hubbardiidae, Cook 1899","Hubbardiinae, Cook 1899","Antillostenochrus, Armas & Teruel 2002","A. cokendolpheri, Armas 1989","Schizomus alejandroi, Armas, 1989 (specimens from Paso Cuba); Stenochrus alejandroi, Reddell & Cokendolpher, 1995 (specimens from Paso Cuba); indetermined Hubbardiinae species, Teruel, 2000","Cuba","Caribbean","New World","Santa Rosa, 2 km W of Sabana, Maisí, Guantánamo, Cuba"
"Hubbardiidae, Cook 1899","Hubbardiinae, Cook 1899","Antillostenochrus, Armas & Teruel 2002","A. eremita, Teruel & Rodríguez-Cabrera, 2019",NA,"Cuba","Caribbean","New World","Guantánamo, Cuba"
"Hubbardiidae, Cook 1899","Hubbardiinae, Cook 1899","Antillostenochrus, Armas & Teruel 2002","A. gibarensis, Armas & Teruel, 2002",NA,"Cuba","Caribbean","New World","2 km ESE of Gibara, Sierra de Gibara, Gibara, Holguín, Cuba"
"Hubbardiidae, Cook 1899","Hubbardiinae, Cook 1899","Antillostenochrus, Armas & Teruel 2002","A. holguin, Armas & Teruel, 2002",NA,"Cuba","Caribbean","New World","Cerro Alto, Los Tibes, Holguín, Cuba"
"Hubbardiidae, Cook 1899","Hubbardiinae, Cook 1899","Antillostenochrus, Armas & Teruel 2002","A. longior, Teruel, 2013",NA,"Cuba","Caribbean","New World","Las Tunas, Cuba"
"Hubbardiidae, Cook 1899","Hubbardiinae, Cook 1899","Antillostenochrus, Armas & Teruel 2002","A. planicauda, Teruel, 2003",NA,"Cuba","Caribbean","New World","Cerro Las Tinajitas, Rafael Freyre, Holguín, Cuba"
"Hubbardiidae, Cook 1899","Hubbardiinae, Cook 1899","Antillostenochrus, Armas & Teruel 2002","A. subcerdoso, Armas & Abud-Antun, 1990","Schizomus subcerdoso, Armas & Abud Antun, 1990","Dominican Republic","Caribbean","New World","La Laguna, Baní, Peravia, Dominican Republic"
"Hubbardiidae, Cook 1899","Hubbardiinae, Cook 1899","Apozomus, Harvey 1992","A. alligator, Harvey, 1992",NA,"Australia","Australia","Old World","South Alligator Inn, Northern Territory, Australia"
"Hubbardiidae, Cook 1899","Hubbardiinae, Cook 1899","Apozomus, Harvey 1992","A. brignolii, Cokendolpher & Reddell, 2000b",NA,"Marshall Islands","Micronesia","Old World","Ailuk Atoll, Marshall Islands"
"Hubbardiidae, Cook 1899","Hubbardiinae, Cook 1899","Apozomus, Harvey 1992","A. buxtoni, (Gravely 1915)","Schizomus (Trithyreus) buxtoni, Gravely, 1915; ""Schizomus"" buxtoni, Reddell & Cokendolpher, 1995; Bastawade, 2001","Sri Lanka","Southern Asia","Old World","Polonnaruwa, Sri Lanka"
"Hubbardiidae, Cook 1899","Hubbardiinae, Cook 1899","Apozomus, Harvey 1992","A. cactus, Harvey, 1992",NA,"Australia","Australia","Old World","West Claudie River, Queensland, Australia"
"Hubbardiidae, Cook 1899","Hubbardiinae, Cook 1899","Apozomus, Harvey 1992","A. daitoensis, (Shimojana 1981)","Trithyreus daitoensis, Shimojana, 1981; Schizomus daitoensis, Cokendolpher, 1988","Japan","Eastern Asia","Old World","Hoshino-no-ana Cave, Minami-daitô-Jima Island, Okinawa Prefecture, Japan"
"Hubbardiidae, Cook 1899","Hubbardiinae, Cook 1899","Apozomus, Harvey 1992","A. eberhardi, Harvey, 2001b",NA,"Australia","Australia","Old World","Old Napier Downs Cave, Western Australia, Australia"
"Hubbardiidae, Cook 1899","Hubbardiinae, Cook 1899","Apozomus, Harvey 1992","A. gerlachi, Harvey, 2001a",NA,"Seychelle Islands","Eastern Africa","Old World","Mont Pot à Eau, Seychelle Islands"
"Hubbardiidae, Cook 1899","Hubbardiinae, Cook 1899","Apozomus, Harvey 1992","A. gunn, Harvey, 1992",NA,"Australia","Australia","Old World","Gunn Point, Northern Territory, Australia"
"Hubbardiidae, Cook 1899","Hubbardiinae, Cook 1899","Apozomus, Harvey 1992","A. howarthi, Harvey, 2001b",NA,"Australia","Australia","Old World","Tea Tree Cave, Queensland, Australia"
"Hubbardiidae, Cook 1899","Hubbardiinae, Cook 1899","Apozomus, Harvey 1992","A. pellew, Harvey, 1992",NA,"Australia","Australia","Old World","Horn Islet, Northern Territory, Australia"
"Hubbardiidae, Cook 1899","Hubbardiinae, Cook 1899","Apozomus, Harvey 1992","A. rupina, Harvey, 1992",NA,"Australia","Australia","Old World","Butterfly George, Katherine Gorge National Parc, Northern Territory, Australia"
"Hubbardiidae, Cook 1899","Hubbardiinae, Cook 1899","Apozomus, Harvey 1992","A. sauteri, (Kraepelin 1911)","Schizomus sauteri, Kraepelin, 1911; Yamasaki & Shimojana, 1974; Cokendolpher, 1988","Vietnam","Southeast Asia","Old World","Kao-hsiung, Taiwan; Ryukyu Islands, Japan; Tinh Yên Bai, Vietnam"
"Hubbardiidae, Cook 1899","Hubbardiinae, Cook 1899","Apozomus, Harvey 1992","A. termitarium, Cokendolpher, Sissom & Reddell, 2010",NA,"Malaysia","Southeast Asia","Old World","Second hill of Bukit Tersek, Malaysia"
"Hubbardiidae, Cook 1899","Hubbardiinae, Cook 1899","Apozomus, Harvey 1992","A. volschenki, Harvey, 2001b",NA,"Australia","Australia","Old World","Surprise Packet Cave, Queensland, Australia"
"Hubbardiidae, Cook 1899","Hubbardiinae, Cook 1899","Apozomus, Harvey 1992","A. watsoni, Harvey, 1992",NA,"Australia","Australia","Old World","Darwin, Northern Territory, Australia"
"Hubbardiidae, Cook 1899","Hubbardiinae, Cook 1899","Apozomus, Harvey 1992","A. weiri, Harvey, 1992",NA,"Australia","Australia","Old World","McIlwraith Range, Queensland, Australia"
"Hubbardiidae, Cook 1899","Hubbardiinae, Cook 1899","Apozomus, Harvey 1992","A. yamasakii, (Cokendolpher 1988)","Trithyreus siamensis (in part misidentification), Yamasaki & Shimojana, 1974; Schizomus yamasakii, Cokendolpher, 1988","Taiwan","Southeast Asia","Old World","Yin-chuan-tsang-hsia-tung Cave, Taiwan"
"Hubbardiidae, Cook 1899","Hubbardiinae, Cook 1899","Apozomus, Harvey 1992","A. yirrkala, Harvey, 1992",NA,"Australia","Australia","Old World","Yirrkala Mission, Northern Territory, Australia"
"Hubbardiidae, Cook 1899","Hubbardiinae, Cook 1899","Apozomus, Harvey 1992","A. zhensis, (Chen & Song, 1996)","Schizomus zhensis, Chen & Song, 1996","China","Eastern Asia","Old World","Hangzhou, Zhejiang, China"
"Hubbardiidae, Cook 1899","Hubbardiinae, Cook 1899","Artacarus, Cook 1899","A. liberiensis, Cook, 1899","Schizomus liberiensis, Lawrence, 1969","Liberia","Western Africa","Old World","Montserrado County, Liberia; possibly present in Republic of Côte d'Ivoire"
"Hubbardiidae, Cook 1899","Hubbardiinae, Cook 1899","Attenuizomus, Harvey 2000a","A. baroalba, Harvey, 2000a","Apozomus sp., Harvey, 1992","Australia","Australia","Old World","Baroalba Springs, Kakudu National Park, Northern Territory, Australia"
"Hubbardiidae, Cook 1899","Hubbardiinae, Cook 1899","Attenuizomus, Harvey 2000a","A. cuttacutta, Harvey, 2000a",NA,"Australia","Australia","Old World","Cutta Cutta Cave, Northern Territory, Australia"
"Hubbardiidae, Cook 1899","Hubbardiinae, Cook 1899","Attenuizomus, Harvey 2000a","A. mainae, Harvey, 1992","Apozomus mainae, Harvey, 1992","Australia","Australia","Old World","Stuart Highway, 230 South of Darwin, Northern Territory, Australia"
"Hubbardiidae, Cook 1899","Hubbardiinae, Cook 1899","Attenuizomus, Harvey 2000a","A. radon, Harvey, 1992","Apozomus radon, Harvey, 1992","Australia","Australia","Old World","Radon Creek, Northern Territory, Australia"
"Hubbardiidae, Cook 1899","Hubbardiinae, Cook 1899","Baalrog, Monjaraz-Ruedas, Prendini & Francke 2019","B. firstmani, (Rowland, 1973b)","Schizomus firstmani, Rowland, 1973b, Rowland & Reddell, 1980; Stenochrus firstmani, Reddell & Cokendolpher, 1991, 1995","Mexico","Mexico","New World","Grutas de Atoyac, Veracruz, Mexico"
"Hubbardiidae, Cook 1899","Hubbardiinae, Cook 1899","Baalrog, Monjaraz-Ruedas, Prendini & Francke 2019","B. magico, Monjaraz-Ruedas & Francke, 2018","Stenochrus magico, Monjaraz-Ruedas & Francke, 2018","Mexico","Mexico","New World","Oaxaca, Mexico"
"Hubbardiidae, Cook 1899","Hubbardiinae, Cook 1899","Baalrog, Monjaraz-Ruedas, Prendini & Francke 2019","B. sbordonii, (Brignoli 1973)","Schizomus sbordonii, Brignoli, 1973, Cokendolpher & Reddell, 1984","Mexico","Mexico","New World","Cueva de Ojo de Agua Grande, Paraje Nuevo, Veracruz, Mexico"
"Hubbardiidae, Cook 1899","Hubbardiinae, Cook 1899","Baalrog, Monjaraz-Ruedas, Prendini & Francke 2019","B. yacato, Monjaraz-Ruedas, Prendini & Francke, 2019","Schizomus sbordonii male, Reddell & Cokendolpher, 1984, 1991, 1995","Mexico","Mexico","New World","Grutas de Atoyac, Veracruz, Mexico"
"Hubbardiidae, Cook 1899","Hubbardiinae, Cook 1899","Bamazomus, Harvey 1992","B. aviculus, Harvey, 2001a",NA,"Seychelle Islands","Eastern Africa","Old World","Fregate Island, Seychelle Islands"
"Hubbardiidae, Cook 1899","Hubbardiinae, Cook 1899","Bamazomus, Harvey 1992","B. bamaga, Harvey, 1992",NA,"Australia","Australia","Old World","Bamaga, Queensland, Australia"
"Hubbardiidae, Cook 1899","Hubbardiinae, Cook 1899","Bamazomus, Harvey 1992","B. hunti, Harvey, 2001b",NA,"Australia","Australia","Old World","The Tunnel, cave KO-1, Western Australia, Australia"
"Hubbardiidae, Cook 1899","Hubbardiinae, Cook 1899","Bamazomus, Harvey 1992","B. madagassus, Lawrence, 1969","Schizomus madagassus, Lawrence, 1969","Madagascar","Eastern Africa","Old World","Montaigne de Francais, Diego Suarez, Madagascar"
"Hubbardiidae, Cook 1899","Hubbardiinae, Cook 1899","Bamazomus, Harvey 1992","B. milloti, Lawrence, 1969","Schizomus milloti, Lawrence, 1969","Madagascar","Eastern Africa","Old World","Forêt d'Analamazoatra, Perinét, Central Madagascar, Madagascar"
"Hubbardiidae, Cook 1899","Hubbardiinae, Cook 1899","Bamazomus, Harvey 1992","B. pileti, (Brignoli, 1974b)","Trithyreus pileti, Brignoli, 1974b","Malaysia","Southeast Asia","Old World","Batu Caves, Kuala Lumpur, Malaysia"
"Hubbardiidae, Cook 1899","Hubbardiinae, Cook 1899","Bamazomus, Harvey 1992","B. serendipitus, Craig, Lissner & Thomsen, 2024",NA,"Denmark","Europe","Old World","Randers Regnskov Tropical Zoo, Randers, Denmark"
"Hubbardiidae, Cook 1899","Hubbardiinae, Cook 1899","Bamazomus, Harvey 1992","B. shanghang, Zheng, Gong & Zhang, 2024",NA,"China","Eastern Asia","Old World","Shanghang National Forest Park, Shanghang County, Longyan City, Fujian, China"
"Hubbardiidae, Cook 1899","Hubbardiinae, Cook 1899","Bamazomus, Harvey 1992","B. siamensis, (Hansen in Hansen & Sørensen, 1905)","Trithyreus siamensis, Hansen in Hansen & Sørensen, 1905; Yamasaki & Shimojana, 1974; Schizomus siamensis, Cokendolpher & Reddell, 1986","Thailand","Southeast Asia","Old World","Bangkok, Thailand"
"Hubbardiidae, Cook 1899","Hubbardiinae, Cook 1899","Bamazomus, Harvey 1992","B. songi, Zheng, Gong & Zhang, 2024",NA,"China","Eastern Asia","Old World","Gangxia Village, Raoyang Town, Raoping County, Chaozhou City, Guandong, China"
"Hubbardiidae, Cook 1899","Hubbardiinae, Cook 1899","Bamazomus, Harvey 1992","B. subsolanus, Harvey, 2001b",NA,"Australia","Australia","Old World","Cape Range Peninsula, Western Australia, Australia"
"Hubbardiidae, Cook 1899","Hubbardiinae, Cook 1899","Bamazomus, Harvey 1992","B. vadoni, (Lawrence, 1969)","Schizomus vadoni, Lawrence, 1969","Madagascar","Eastern Africa","Old World","Maroantsetra, NE Madagascar, Madagascar"
"Hubbardiidae, Cook 1899","Hubbardiinae, Cook 1899","Bamazomus, Harvey 1992","B. vespertinus, Harvey, 2001b",NA,"Australia","Australia","Old World","Cave C-215, Cape Range, Western Australia, Australia"
"Hubbardiidae, Cook 1899","Hubbardiinae, Cook 1899","Bamazomus, Harvey 1992","B. weipa, (Harvey, 1992)","Apozomus weipa, Harvey 1992","Australia","Australia","Old World","Weipa, Queensland, Australia"
"Hubbardiidae, Cook 1899","Hubbardiinae, Cook 1899","Belicenochrus, Armas & Víquez 2010","B. peckorum, Armas & Víquez, 2010","Schizomus sp.4, Rowland & Reddell, 1977; Schizomus sp., OTU no.6, Rowland & Reddell, 1980","Belize","Central America","New World","St. Herman's Cave, Caves Branch, Cayo, Belize"
"Hubbardiidae, Cook 1899","Hubbardiinae, Cook 1899","Belicenochrus, Armas & Víquez 2010","B. pentalatus, Armas & Víquez, 2010",NA,"Belize","Central America","New World","Fincas de banano, Toledo, Belize"
"Hubbardiidae, Cook 1899","Hubbardiinae, Cook 1899","Brignolizomus, Harvey 2000a","B. nob, (Harvey, 1992)","Apozomus nob, Harvey, 1992","Australia","Australia","Old World","Nob Creek, Byfield, Queensland, Australia"
"Hubbardiidae, Cook 1899","Hubbardiinae, Cook 1899","Brignolizomus, Harvey 2000a","B. walteri, Harvey, 2000a","Apozomus woodwardi, Harvey, 1992 (In part misidentification, specimen from Marburg, Queensland)","Australia","Australia","Old World","11 km E of Marburg, Queensland, Australia"
"Hubbardiidae, Cook 1899","Hubbardiinae, Cook 1899","Brignolizomus, Harvey 2000a","B. woodwardi, (Harvey, 1992)","Apozomus woodwardi, Harvey, 1992","Australia","Australia","Old World","Mt. Coot-tha, Brisbane, Queensland, Australia"
"Hubbardiidae, Cook 1899","Hubbardiinae, Cook 1899","Bucinozomus, Armas & Rehfeldt 2015","B. hortuspalmarum, Armas & Rehfeldt, 2015",NA,"Singapore","Southeast Asia","Old World","Palmengarten, Frankfurt am Main, Germany"
"Hubbardiidae, Cook 1899","Hubbardiinae, Cook 1899","Burmezomus, Bastawade 2004","B. cavernicola, (Gravely, 1912)","Schizomus cavernicola, Gravely, 1912","Myanmar","Southeast Asia","Old World","Famous Khayon caves, near Moulmain, Myanmar"
"Hubbardiidae, Cook 1899","Hubbardiinae, Cook 1899","Burmezomus, Bastawade 2004","B. chaibassicus, (Bastawade 2002)","Schizomus chaibassicus, Bastawade, 2002","India","Southern Asia","Old World","Chota Nagpur, Bihar, Jharkand, India"
"Hubbardiidae, Cook 1899","Hubbardiinae, Cook 1899","Calima, Moreno-González & Manzanilla 2012","C. bremensis, Moreno-González & Villarreal, 2012",NA,"Colombia","South America","New World","Bosque de Bremen, Filandia, Colombia"
"Hubbardiidae, Cook 1899","Hubbardiinae, Cook 1899","Calima, Moreno-González & Manzanilla 2012","C. embera, Moreno-González & Villarreal, 2017",NA,"Colombia","South America","New World","Planes de San Rafael, Santuario, Colombia"
"Hubbardiidae, Cook 1899","Hubbardiinae, Cook 1899","Calima, Moreno-González & Manzanilla 2012","C. nutabe, Moreno-González & Villarreal, 2017",NA,"Colombia","South America","New World","El Romeral Reserve, Angelopolis, Colombia"
"Hubbardiidae, Cook 1899","Hubbardiinae, Cook 1899","Calima, Moreno-González & Manzanilla 2012","C. valenciorum, Moreno-González & Villarreal, 2012",NA,"Colombia","South America","New World","Bellavista farm, Andinápolis, Trujillo, Colombia"
"Hubbardiidae, Cook 1899","Hubbardiinae, Cook 1899","Cangazomus, Pinto-da-Rocha, Andrade & Moreno-González 2016","C. xikrin, Pinto-da-Rocha, Andrade & Moreno-González, 2016",NA,"Brazil","South America","New World","Floresta Nacional de Carajás, Parauapebas, Pará, Brazil"
"Hubbardiidae, Cook 1899","Hubbardiinae, Cook 1899","Caribezomus, Armas 2011","C. laurae, Armas, 2011","Schizomus viridis, Rowland & Reddell, 1979a (in part misidentification)","Jamaica","Caribbean","New World","Drip Cave, SSE of Stewart Town, Trelawny Parish, Jamaica"
"Hubbardiidae, Cook 1899","Hubbardiinae, Cook 1899","Clavizomus, Reddell & Cokendolpher 1995","C. claviger, (Hansen in Hansen & Sørensen, 1905)","Trithyreus claviger, Hansen in Hansen & Sørensen, 1905","Singapore","Southeast Asia","Old World","Singapore"
"Hubbardiidae, Cook 1899","Hubbardiinae, Cook 1899","Cokendolpherius, Armas 2002a","C. jumagua,  Teruel & Rodríguez, 2010",NA,"Cuba","Caribbean","New World","Mogotes de Jumagua, Sagua La Grande, Villa Clara, Cuba"
"Hubbardiidae, Cook 1899","Hubbardiinae, Cook 1899","Cokendolpherius, Armas 2002a","C. ramosi, Armas, 2002a",NA,"Cuba","Caribbean","New World","Cueva de Fálco, Sistema Subterráneo Boquerón, Sancti Spíritus, Cuba"
"Hubbardiidae, Cook 1899","Hubbardiinae, Cook 1899","Colombiazomus, Armas & Delgado-Santa 2012a","C. quindio, Delgado-Santa & Armas, 2013",NA,"Colombia","South America","New World","finca El Edén, Combia, Calarcá, Quindío, Colombia"
"Hubbardiidae, Cook 1899","Hubbardiinae, Cook 1899","Colombiazomus, Armas & Delgado-Santa 2012a","C. truncatus, Armas & Delgado-Santa, 2012a",NA,"Colombia","South America","New World","Vereda La Secreta, La Celia, Risaralda , Colombia"
"Hubbardiidae, Cook 1899","Hubbardiinae, Cook 1899","Cubacanthozomus, Teruel 2003","C. rowlandi, (Dumitresco, 1973)","Schizomus rowlandi, Dumitresco, 1973; Cubazomus rowlandi, Reddell & Cokendolpher, 1995; Troglocubazomus rowlandi, Teruel, 2003; Armas, 2004a","Cuba","Caribbean","New World","Cueva de Majana, Majana, Baracoa, Guantánamo, Cuba"
"Hubbardiidae, Cook 1899","Hubbardiinae, Cook 1899","Cubazomus, Reddell & Cokendolpher 1995","C. armasi, (Rowland & Reddell, 1981)","Schizomus armasi, Rowland & Reddell, 1981","Cuba","Caribbean","New World","Uvero, El Cobre, Oriente, Cuba"
"Hubbardiidae, Cook 1899","Hubbardiinae, Cook 1899","Cubazomus, Reddell & Cokendolpher 1995","C. montanus, Teruel, 2004",NA,"Cuba","Caribbean","New World","Alturas de El Zapato, Buey Arriba, Granma, Cuba"
"Hubbardiidae, Cook 1899","Hubbardiinae, Cook 1899","Cubazomus, Reddell & Cokendolpher 1995","C. sheylae, Teruel, 2017b",NA,"Cuba","Caribbean","New World","Loma El Papayo, Chivirico, Guamá, Santiago de Cuba, Cuba"
"Hubbardiidae, Cook 1899","Hubbardiinae, Cook 1899","Draculoides, Harvey 1992","D. affinis, (Framenau et al., 2018)","Paradraculoides affinis, Framenau et al., 2018","Australia","Australia","Old World","Cane and Upper Cane River, UCRC040P5T2–3, Pannawonica, Western Australia, Australia"
"Hubbardiidae, Cook 1899","Hubbardiinae, Cook 1899","Draculoides, Harvey 1992","D. akashae, Abrams & Harvey, 2020",NA,"Australia","Australia","Old World","Mesa J, ﻿RC08MEJ0076P2T3-3, Pannawonica, Western Australia, Australia"
"Hubbardiidae, Cook 1899","Hubbardiinae, Cook 1899","Draculoides, Harvey 1992","D. anachoretus, (Harvey et al. 2008)","Paradraculoides anachoretus, Harvey et al., 2008","Australia","Australia","Old World","Mesa A, Borehole 2497, Pannawonica, Western Australia, Australia"
"Hubbardiidae, Cook 1899","Hubbardiinae, Cook 1899","Draculoides, Harvey 1992","D. belalugosii, Abrams & Harvey, 2020",NA,"Australia","Australia","Old World","Buckland Hills, BHDD004-20141027-SC01, Pannawonica, Western Australia, Australia"
"Hubbardiidae, Cook 1899","Hubbardiinae, Cook 1899","Draculoides, Harvey 1992","D. bramstokeri, Harvey & Humphreys, 1995",NA,"Australia","Australia","Old World","Ledge Cave (CaveB-1), Barrow Island, Western Australia, Australia"
"Hubbardiidae, Cook 1899","Hubbardiinae, Cook 1899","Draculoides, Harvey 1992","D. brooksi, Harvey, 2001b","Draculoides bramstokeri, Harvey & Humphreys, 1995 (misidentification in part, specimen from caves in the Exmouth Region)","Australia","Australia","Old World","Ampolex 'A' borehole, Cape Range Area, Western Australia, Australia"
"Hubbardiidae, Cook 1899","Hubbardiinae, Cook 1899","Draculoides, Harvey 1992","D. bythius, (Harvey et al. 2008)","Paradraculoides bythius, Harvey et al., 2008","Australia","Australia","Old World","Mesa B, Borehole 0016, Pannawonica, Western Australia, Australia"
"Hubbardiidae, Cook 1899","Hubbardiinae, Cook 1899","Draculoides, Harvey 1992","D. carmillae, Abrams & Harvey, 2020",NA,"Australia","Australia","Old World","Middle Robe Valley, DD14MRR0004-20150808-T2-01, Pannawonica, Western Australia, Australia"
"Hubbardiidae, Cook 1899","Hubbardiinae, Cook 1899","Draculoides, Harvey 1992","D. catho, (Framenau et al. 2018)","Paradraculoides catho, Framenau et al., 2018","Australia","Australia","Old World","Catho Well, ﻿CWRC281P4T2–1, Mt Stuart Station, Pannawonica, Western Australia, Australia"
"Hubbardiidae, Cook 1899","Hubbardiinae, Cook 1899","Draculoides, Harvey 1992","D. celatus, (Framenau et al. 2018)","Paradraculoides celatus, Framenau et al., 2018","Australia","Australia","Old World","Kens Bore, ﻿
KBRC039P8T2–5, Pannawonica, Western Australia, Australia"
"Hubbardiidae, Cook 1899","Hubbardiinae, Cook 1899","Draculoides, Harvey 1992","D. christopherleei, Abrams & Harvey, 2020",NA,"Australia","Australia","Old World","West Pit, Pannawonica, Western Australia, Australia"
"Hubbardiidae, Cook 1899","Hubbardiinae, Cook 1899","Draculoides, Harvey 1992","D. claudiae, Abrams & Harvey, 2020",NA,"Australia","Australia","Old World","Middle Robe Valley, DD14MRR0009-20150808-T2-02, Pannawonica, Western Australia, Australia"
"Hubbardiidae, Cook 1899","Hubbardiinae, Cook 1899","Draculoides, Harvey 1992","D. cochranus, (Framenau et al. 2018)","Paradraculoides cochranus, Framenau et al., 2018","Australia","Australia","Old World","Cochrane and Jewell, ﻿
RNRC083P5T1–3, Pannawonica, Western Australia, Australia"
"Hubbardiidae, Cook 1899","Hubbardiinae, Cook 1899","Draculoides, Harvey 1992","D. confusus, (Framenau et al. 2018)","Paradraculoides confusus, Framenau et al., 2018","Australia","Australia","Old World","Trinity Bore, ﻿
TBRC014T1, Pannawonica, Western Australia, Australia"
"Hubbardiidae, Cook 1899","Hubbardiinae, Cook 1899","Draculoides, Harvey 1992","D. eremius, (Abrams & Harvey 2015)","Paradraculoides eremius, Abrams & Harvey, 2015","Australia","Australia","Old World","Bungaroo, Pannawonica, Western Australia, Australia"
"Hubbardiidae, Cook 1899","Hubbardiinae, Cook 1899","Draculoides, Harvey 1992","D. gnophicola, (Harvey et al. 2008)","Paradraculoides gnophicola, Harvey et al. 2008","Australia","Australia","Old World","Mesa G, Borehole 0159, Pannawonica, Western Australia, Australia"
"Hubbardiidae, Cook 1899","Hubbardiinae, Cook 1899","Draculoides, Harvey 1992","D. immortalis, Abrams & Harvey, 2020",NA,"Australia","Australia","Old World","""Budgiebore"", Robe Valley, ﻿
Budgiebore-20150604-06, Pannawonica, Western Australia, Australia"
"Hubbardiidae, Cook 1899","Hubbardiinae, Cook 1899","Draculoides, Harvey 1992","D. julianneae, Harvey, 2001b","Draculoides vinei, Harvey & Humphreys, 1995 (in part misidentification, specimen from C-215)","Australia","Australia","Old World"," C-215, Cape Range peninsula, Western Australia, Australia"
"Hubbardiidae, Cook 1899","Hubbardiinae, Cook 1899","Draculoides, Harvey 1992","D. karenbassettae, Abrams & Harvey, 2020",NA,"Australia","Australia","Old World","Bore scrape, Pannawonica, Western Australia, Australia"
"Hubbardiidae, Cook 1899","Hubbardiinae, Cook 1899","Draculoides, Harvey 1992","D. kryptus, (Harvey et al. 2008)","Paradraculoides kryptus, Harvey et al., 2008","Australia","Australia","Old World","Mesa K, Borehole 1685, Pannawonica, Western Australia, Australia"
"Hubbardiidae, Cook 1899","Hubbardiinae, Cook 1899","Draculoides, Harvey 1992","D. mckechnieorum, Abrams & Harvey, 2020",NA,"Australia","Australia","Old World","Mesa L, Robe Valley, MELUNK09-20151001-TI-01, Pannawonica, Western Australia, Australia"
"Hubbardiidae, Cook 1899","Hubbardiinae, Cook 1899","Draculoides, Harvey 1992","D. mesozeirus, Harvey et al., 2008",NA,"Australia","Australia","Old World","﻿Borehole M2ERC027, Middle Robe, Western Australia, Australia"
"Hubbardiidae, Cook 1899","Hubbardiinae, Cook 1899","Draculoides, Harvey 1992","D. minae, Abrams & Harvey, 2020",NA,"Australia","Australia","Old World","Middle Robe Valley, ﻿
CWRC281P4T2–1, Pannawonica, Western Australia, Australia"
"Hubbardiidae, Cook 1899","Hubbardiinae, Cook 1899","Draculoides, Harvey 1992","D. neoanthropus, Harvey et al., 2008",NA,"Australia","Australia","Old World","Borehole WO57, Newman, Western Australia, Australia"
"Hubbardiidae, Cook 1899","Hubbardiinae, Cook 1899","Draculoides, Harvey 1992","D. noctigrassator, Abrams & Harvey, 2020",NA,"Australia","Australia","Old World","""Dragon"" deposit, Buckland project, Pannawonica, Western Australia, Australia"
"Hubbardiidae, Cook 1899","Hubbardiinae, Cook 1899","Draculoides, Harvey 1992","D. nosferatu, Abrams & Harvey, 2020",NA,"Australia","Australia","Old World","Robe Valley, Pannawonica, Western Australia, Australia"
"Hubbardiidae, Cook 1899","Hubbardiinae, Cook 1899","Draculoides, Harvey 1992","D. obrutus, (Framenau et al. 2018)","Paradraculoides obrutus, Framenau et al., 2018","Australia","Australia","Old World","Kens Bore, ﻿KBRC023P2T2–1, Pannawonica, Western Australia, Australia"
"Hubbardiidae, Cook 1899","Hubbardiinae, Cook 1899","Draculoides, Harvey 1992","D. piscivultus, Abrams & Harvey, 2020",NA,"Australia","Australia","Old World","Bore scrape, Pannawonica, Western Australia, Australia"
"Hubbardiidae, Cook 1899","Hubbardiinae, Cook 1899","Draculoides, Harvey 1992","D. trinity, (Framenau et al. 2018)","Paradraculoides trinity, Framenau et al., 2018","Australia","Australia","Old World","Trinity Bore, ﻿TBRC036P3T3–4, Pannawonica, Western Australia, Australia"
"Hubbardiidae, Cook 1899","Hubbardiinae, Cook 1899","Draculoides, Harvey 1992","D. vinei, (Harvey 1988)","Schizomus vinei, Harvey, 1988","Australia","Australia","Old World","Shot Pot Cave, C106, Cape Range peninsula, Western Australia, Australia"
"Hubbardiidae, Cook 1899","Hubbardiinae, Cook 1899","Draculoides, Harvey 1992","D. warramboo, Abrams & Harvey, 2020",NA,"Australia","Australia","Old World","Warramboo Robe Valley, MEARC3790.20150606-01scD, Pannawonica, Western Australia, Australia"
"Hubbardiidae, Cook 1899","Hubbardiinae, Cook 1899","Dumitrescoella, Teruel 2017a","D. decui, (Dumitresco 1977)","Schizomus decui, Dumitresco, 1977; Rowland & Reddell, 1979a; Rowlandius decui, Reddell & Cokendolpher, 1995; Armas, 2001, 2004a, 2013","Cuba","Caribbean","New World","Cueva la Pluma, Matanzas, Cuba"
"Hubbardiidae, Cook 1899","Hubbardiinae, Cook 1899","Enigmazomus, Harvey 2006","E. eruptoclausus, Harvey, 2006",NA,"Oman","Western Asia","Old World","Qunf Cave, Dhofar, Oman"
"Hubbardiidae, Cook 1899","Hubbardiinae, Cook 1899","Enigmazomus, Harvey 2007","E. benoiti, (Lawrence 1969)","Schizomus benoiti, Lawrence, 1969; Cokendolpher & Reddell, 1995","Somalia","Eastern Africa","Old World","Jubadda Hoose, Jumba, Somalia"
"Hubbardiidae, Cook 1899","Hubbardiinae, Cook 1899","Gravelyzomus, Kulkarni 2012","G. chalakudicus, Bastawade, 2002","Schizomus chalakudicus, Bastawade, 2002","India","Southern Asia","Old World","Chalakudi, near Cochin, Kerala, India"
"Hubbardiidae, Cook 1899","Hubbardiinae, Cook 1899","Guanazomus, Teruel & Armas 2002","G. armatus, Teruel & Armas, 2002",NA,"Cuba","Caribbean","New World","La Bajada, Guanahacabibes, Pinar del Río, Cuba"
"Hubbardiidae, Cook 1899","Hubbardiinae, Cook 1899","Hansenochrus, Reddell & Cokendolpher 1995","H. acrocaudatus, (Rowland & Reddell 1979b)","Schizomus acrocaudatus, Rowland & Reddell, 1979b","Trinidad & Tobago","Caribbean","New World","St. Augustine, Saint George, Trinidad, Trinidad & Tobago"
"Hubbardiidae, Cook 1899","Hubbardiinae, Cook 1899","Hansenochrus, Reddell & Cokendolpher 1995","H. centralis, (Gertsch 1941)","Schizomus centralis, Gertsch, 1941; Rowland & Reddell, 1979b","Panama","Central America","New World","Barro Colorado Island, Panama, Panama"
"Hubbardiidae, Cook 1899","Hubbardiinae, Cook 1899","Hansenochrus, Reddell & Cokendolpher 1995","H. dispar, (Hansen in Hansen & Sørensen 1905)","Schizomus dispar, Hansen in Hansen & Sørensen, 1905","Martinique","Caribbean","New World","Martinique"
"Hubbardiidae, Cook 1899","Hubbardiinae, Cook 1899","Hansenochrus, Reddell & Cokendolpher 1995","H. drakos, (Rowland & Reddell 1979b)","Schizomus drakos, Rowland & Reddell, 1979b","Guyana","South America","New World","Kartabo, near Bartica, Mazaruni-Potaro, Guyana"
"Hubbardiidae, Cook 1899","Hubbardiinae, Cook 1899","Hansenochrus, Reddell & Cokendolpher 1995","H. flavescens, (Hansen in Hansen & Sørensen 1905)","Schizomus flavescens, Hansen in Hansen & Sørensen, 1905; Rowland & Reddell, 1979b","Venezuela","South America","New World","Corosul, near Carácas, Miranda, Venezuela"
"Hubbardiidae, Cook 1899","Hubbardiinae, Cook 1899","Hansenochrus, Reddell & Cokendolpher 1995","H. gladiator, (Rémy 1961)","Schizomus gladiator, Rémy, 1961","Suriname","South America","New World","Estate Ma Restraite, north of Paramaribo, Paramaribo, Suriname"
"Hubbardiidae, Cook 1899","Hubbardiinae, Cook 1899","Hansenochrus, Reddell & Cokendolpher 1995","H. guyanensis, Cokendolpher & Reddell, 2000a","Schizomus sp. OTU No.2, Rowland & Reddell, 1979b","Guyana","South America","New World","Kartabo, near Bartica, Mazaruni-Potaro, Guyana"
"Hubbardiidae, Cook 1899","Hubbardiinae, Cook 1899","Hansenochrus, Reddell & Cokendolpher 1995","H. humbertoi, Armas & Víquez, 2010",NA,"Costa Rica","Central America","New World","finca de la familia Mora Maroto, Palmar Norte, Puntarenas, Costa Rica"
"Hubbardiidae, Cook 1899","Hubbardiinae, Cook 1899","Hansenochrus, Reddell & Cokendolpher 1995","H. mumai, (Rowland & Reddell 1979b)","Schizomus mumai, Rowland & Reddell, 1979b","Costa Rica","Central America","New World","Coto, Puntarenas, Costa Rica"
"Hubbardiidae, Cook 1899","Hubbardiinae, Cook 1899","Hansenochrus, Reddell & Cokendolpher 1995","H. selva, Armas, 2009",NA,"Costa Rica","Central America","New World","Estacíon Biologíca La Selva, Heredia, Costa Rica"
"Hubbardiidae, Cook 1899","Hubbardiinae, Cook 1899","Hansenochrus, Reddell & Cokendolpher 1995","H. simonis, (Hansen in Hansen & Sørensen 1905)","Schizomus simonis, Hansen in Hansen & Sørensen, 1905; Rowland & Reddell, 1979b","Venezuela","South America","New World","Colonia Tovar?, Venezuela San Esteban?, Venezuela"
"Hubbardiidae, Cook 1899","Hubbardiinae, Cook 1899","Hansenochrus, Reddell & Cokendolpher 1995","H. surinamensis, (Rémy 1961)","Schizomus surinamensis, Rémy, 1961","Suriname","South America","New World","Dirkshoop, Experimental Citrus Gardens, 40 km west of Paramaribo, Saramacca, Suriname"
"Hubbardiidae, Cook 1899","Hubbardiinae, Cook 1899","Hansenochrus, Reddell & Cokendolpher 1995","H. tobago, (Rowland & Reddell 1979b)","Schizomus tobago, Rowland & Reddell, 1979b","Trinidad & Tobago","Caribbean","New World","Tobago, Trinidad & Tobago"
"Hubbardiidae, Cook 1899","Hubbardiinae, Cook 1899","Hansenochrus, Reddell & Cokendolpher 1995","H. trinidanus, (Rowland & Reddell 1979b)","Schizomus flavescens, Strickland, 1947 (misidentification); Schizomus trinidanus, Rowland & Reddell, 1979b","Trinidad & Tobago","Caribbean","New World","Arima Valley, Saint George, Trinidad, Trinidad & Tobago"
"Hubbardiidae, Cook 1899","Hubbardiinae, Cook 1899","Hansenochrus, Reddell & Cokendolpher 1995","H. urbanii, Villarreal & Teruel, 2006",NA,"Venezuela","South America","New World","Cueva El Santuario, near Barbacoa, Lara, Venezuela"
"Hubbardiidae, Cook 1899","Hubbardiinae, Cook 1899","Hansenochrus, Reddell & Cokendolpher 1995","H. vanderdrifti, Rémy, 1961",NA,"Suriname","South America","New World","Dirkshoop, Experimental Citrus Gardens, 40 km west of Paramaribo, Saramacca, Suriname"
"Hubbardiidae, Cook 1899","Hubbardiinae, Cook 1899","Hansenochrus, Reddell & Cokendolpher 1995","H. yolandae, (González-Sponga 1997)","Schizomus yolandae, González-Sponga, 1997","Venezuela","South America","New World","Parque Nacional Guatopo, Acevedo, Miranda, Venezuela"
"Hubbardiidae, Cook 1899","Hubbardiinae, Cook 1899","Harveyus, Monjaraz-Ruedas, Prendini & Francke 2019","H. contrerasi, Monjaraz-Ruedas, Prendini & Francke, 2019",NA,"Mexico","Mexico","New World","Tlamaya, Xilitla, San Luis Potosí, Mexico"
"Hubbardiidae, Cook 1899","Hubbardiinae, Cook 1899","Harveyus, Monjaraz-Ruedas, Prendini & Francke 2019","H. mexicanus, (Rowland 1971b)","Schizomus mexicanus, Rowland, 1971b; Rowland & Reddell, 1980; Stenochrus mexicanus, Reddell & Cokendolpher, 1991","Mexico","Mexico","New World","Sótano de la Tinaja, Ciudad Valles, San Luis Potosí, Mexico"
"Hubbardiidae, Cook 1899","Hubbardiinae, Cook 1899","Harveyus, Monjaraz-Ruedas, Prendini & Francke 2019","H. mulaiki, (Gertsch 1940)","Schizomus mulaiki, Gertsch, 1940; Rowland & Reddell, 1980; Stenochrus mulaiki, Reddell & Cokendolpher, 1991","USA","North America","New World","Rio Grande City, Starr County, Texas, USA"
"Hubbardiidae, Cook 1899","Hubbardiinae, Cook 1899","Harveyus, Monjaraz-Ruedas, Prendini & Francke 2019","H. reddelli, (Rowland 1971b)","Schizomus reddelli, Rowland, 1971b; Rowland & Reddell, 1980; Stenochrus reddelli, Reddell & Cokendolpher, 1991","Mexico","Mexico","New World","Cueva de Tres Manatiales, Limón, Tamaulipas, Mexico"
"Hubbardiidae, Cook 1899","Hubbardiinae, Cook 1899","Heterocubazomus, Teruel 2007","H. sierramaestrae, Armas, 2007",NA,"Cuba","Caribbean","New World","Guamá, Santiago de Cuba, Cuba"
"Hubbardiidae, Cook 1899","Hubbardiinae, Cook 1899","Heteroschizomus, Rowland 1973b","H. goodnightorum, (Rowland 1973b)","Schizomus goodnightorum, Rowland & Reddell, 1981; Stenochrus goodnightorum, Reddell & Cokendolpher, 1991","Mexico","Mexico","New World","Chichén Itzá, Yucatán, Mexico"
"Hubbardiidae, Cook 1899","Hubbardiinae, Cook 1899","Heteroschizomus, Rowland 1973b","H. kekchi, Monjaraz-Ruedas, Prendini & Francke, 2019",NA,"Guatemala","Central America","New World","Biotopo Choncon Machacas, Livingston, Izabal, Guatemala"
"Hubbardiidae, Cook 1899","Hubbardiinae, Cook 1899","Heteroschizomus, Rowland 1973b","H. meambar, (Armas & Víquez 2010)","Stenochrus meambar, Armas & Víquez, 2010","Honduras","Central America","New World","Parque Natural Cerro Azul Meambar, La Guama, Comayagua, Honduras"
"Hubbardiidae, Cook 1899","Hubbardiinae, Cook 1899","Heteroschizomus, Rowland 1973b","H. orthoplax, (Rowland 1973b)","Schizomus orthoplax, Rowland, 1973b; Rowland & Reddell, 1981; Stenochrus orthoplax, Reddell & Cokendolpher, 1991","Mexico","Mexico","New World","Finca Cuauhtemoc, Tapachula, Chiapas, Mexico"
"Hubbardiidae, Cook 1899","Hubbardiinae, Cook 1899","Heteroschizomus, Rowland 1973b","H. silvino, (Rowland & Reddell 1977)","Schizomus silvino, Rowland & Reddell, 1977, 1981; Stenochrus silvino, Reddell & Cokendolpher, 1991","Guatemala","Central America","New World","Gruta de Silvino, Puerto Barrios, Izabal, Guatemala"
"Hubbardiidae, Cook 1899","Hubbardiinae, Cook 1899","Hubbardia, Cook 1899","H. belkini, (McDonald & Hogue 1957)","Trithyreus belkini, McDonald & Hogue, 1957; Schizomus belkini, Rowland & Reddell, 1981","USA","North America","New World","Crater Camp, Santa Monica Mountains, Los Angeles County, California, USA"
"Hubbardiidae, Cook 1899","Hubbardiinae, Cook 1899","Hubbardia, Cook 1899","H. borregoensis, (Briggs & Hom 1966)","Trithyreus borregoensis, Briggs & Hom, 1966; Schizomus borregoensis, Rowland & Reddell, 1981","USA","North America","New World","Borrego Palm Canyon, Ana-Borrego Desert State Park, San Diego Count, California, USA"
"Hubbardiidae, Cook 1899","Hubbardiinae, Cook 1899","Hubbardia, Cook 1899","H. briggsi, (Rowland 1972)","Trithyreus briggsi, Rowland, 1972; Trithyreus belkini (misidentification), Hom, 1967; Schizomus briggsi, Rowland & Reddell, 1981","USA","North America","New World","Rocky Hill, near Exeter, Tulare County, California, USA"
"Hubbardiidae, Cook 1899","Hubbardiinae, Cook 1899","Hubbardia, Cook 1899","H. idria, Reddell & Cokendolpher, 1991",NA,"USA","North America","New World","near Idria, San Benito County, California, USA"
"Hubbardiidae, Cook 1899","Hubbardiinae, Cook 1899","Hubbardia, Cook 1899","H. joshuensis, (Rowland 1971c)","Trithyreus joshuensis, Rowland, 1971c; Schizomus joshuensis, Rowland & Reddell, 1981","USA","North America","New World","Forty-nine Palms, Joshua Tree National Monument, San Bernadino County, California, USA"
"Hubbardiidae, Cook 1899","Hubbardiinae, Cook 1899","Hubbardia, Cook 1899","H. pentapeltis, (Cook 1899)","Schizomus pentapeltis, Rowland & Reddell, 1981","USA","North America","New World","Palm Springs, Riverside County, California, USA"
"Hubbardiidae, Cook 1899","Hubbardiinae, Cook 1899","Hubbardia, Cook 1899","H. seconensis, (Briggs & Hom 1988)","Schizomus seconensis, Briggs & Hom, 1988","USA","North America","New World","West side of Arroyo Seco Campground at The Lakes, Los Padres National Forest, Monterey County, California, USA"
"Hubbardiidae, Cook 1899","Hubbardiinae, Cook 1899","Hubbardia, Cook 1899","H. shoshonensis, (Briggs & Hom 1972)","Trithyreus shoshonensis, Briggs & Hom, 1972; Schizomus shoshonensis, Rowland & Reddell, 1981","USA","North America","New World","Upper Shoshone Cave, near Shoshone, Inyo County, California, USA"
"Hubbardiidae, Cook 1899","Hubbardiinae, Cook 1899","Hubbardia, Cook 1899","H. wessoni, (Chamberlin 1939)","Trithyreus wessoni, Chamberlin, 1939; Schizomus wessoni, Rowland & Reddell, 1981","USA","North America","New World","Santa Cruz River, near Tucson, Arizona County, USA"
"Hubbardiidae, Cook 1899","Hubbardiinae, Cook 1899","Javazomus, Reddell & Cokendolpher 1995","J. oculatus, (Reddell & Cokendolpher 1995)","Schizomus oculatus, Cokendolpher & Sites, 1988","Indonesia","Southeast Asia","Old World","Tjibodas, West Java, Indonesia"
"Hubbardiidae, Cook 1899","Hubbardiinae, Cook 1899","Julattenius, Harvey 1992","J. lawrencei, Harvey, 1992",NA,"Australia","Australia","Old World","Julatten, Queensland, Australia"
"Hubbardiidae, Cook 1899","Hubbardiinae, Cook 1899","Julattenius, Harvey 1993","J. cooloola, Harvey, 1992",NA,"Australia","Australia","Old World","Searys Creek Rainforest, Tin Can Bay, Queensland, Australia"
"Hubbardiidae, Cook 1899","Hubbardiinae, Cook 1899","Kenyazomus, Armas 2014","K. pekkai, Armas, 2014",NA,"Kenya","Eastern Africa","Old World","Kirimeri forest, Kenya"
"Hubbardiidae, Cook 1899","Hubbardiinae, Cook 1899","Lawrencezomus, Armas 2014","L. atlanticus, Armas, 2014",NA,"Cameroon","Middle Africa","Old World","Atlantic Mountains, Cameroon"
"Hubbardiidae, Cook 1899","Hubbardiinae, Cook 1899","Lawrencezomus, Armas 2014","L. bong, Armas, 2014",NA,"Liberia","Western Africa","Old World","Bong Range Forest, Liberia"
"Hubbardiidae, Cook 1899","Hubbardiinae, Cook 1899","Luisarmasius, Reddell & Cokendolpher 1995","L. insulaepinorum, (Armas 1977)","Schizomus insulaepinorum, Armas, 1977; Siguanesiotes insulaepinorum, Teruel, 2018","Cuba","Caribbean","New World","Loma de Columbia, Isla de Pinos, Cuba"
"Hubbardiidae, Cook 1899","Hubbardiinae, Cook 1899","Luisarmasius, Reddell & Cokendolpher 1995","L. samueli, Armas, 2018",NA,"Cuba","Caribbean","New World","Parque Nacional ""Alejandro de Humboldt"", Baracoa, Guantánamo, Cuba"
"Hubbardiidae, Cook 1899","Hubbardiinae, Cook 1899","Luisarmasius, Reddell & Cokendolpher 1995","L. yunquensis, (Camilo & Cokendolpher 1988)","Schizomus yunquensis, Camilo & Cokendolpher, 1988","Puerto Rico","Caribbean","New World","Bosque de Luquillo, Highway 930, Puerto Rico"
"Hubbardiidae, Cook 1899","Hubbardiinae, Cook 1899","Mahezomus, Harvey 2001a","M. apicoporus, Harvey, 2001a","Schizomus similis (misidentification), Lawrence, 1969","Seychelle Islands","Eastern Africa","Old World","Copolia, Mahé Island, Seychelle Islands"
"Hubbardiidae, Cook 1899","Hubbardiinae, Cook 1899","Mayazomus, Reddell & Cokendolpher 1995","M. aluxe, Monjaraz-Ruedas & Francke, 2015",NA,"Mexico","Mexico","New World","Arroyo Nayte, Sierra de la Cojolita, Ocosingo, Chiapas, Mexico"
"Hubbardiidae, Cook 1899","Hubbardiinae, Cook 1899","Mayazomus, Reddell & Cokendolpher 1995","M. estor, (Armas & Víquez 2010)","Heteronochrus estor, Armas & Víquez, 2010","Guatemala","Central America","New World","El Estor, Izabal, Guatemala"
"Hubbardiidae, Cook 1899","Hubbardiinae, Cook 1899","Mayazomus, Reddell & Cokendolpher 1995","M. hoffmannae, (Reddell & Cokendolpher 1986)","Schizomus hoffmannae, Reddell & Cokendolpher, 1986","Mexico","Mexico","New World","Tapijulapa, Tabasco, Mexico"
"Hubbardiidae, Cook 1899","Hubbardiinae, Cook 1899","Mayazomus, Reddell & Cokendolpher 1995","M. infernalis, (Rowland 1975)","Schizomus infernalis, Rowland, 1975; Rowland & Reddell, 1981","Mexico","Mexico","New World","0.8 km N of Ruinas de Palenque, Chiapas, Mexico"
"Hubbardiidae, Cook 1899","Hubbardiinae, Cook 1899","Mayazomus, Reddell & Cokendolpher 1995","M. kaamuul, Monjaraz-Ruedas & Francke, 2015",NA,"Mexico","Mexico","New World","Outside Cueva de las Abejas, San Fernando, Chiapas, Mexico"
"Hubbardiidae, Cook 1899","Hubbardiinae, Cook 1899","Mayazomus, Reddell & Cokendolpher 1995","M. loobil, Monjaraz-Ruedas & Francke, 2015",NA,"Mexico","Mexico","New World","1 km N outside Cueva de San Francisco, Trinitaria, Chiapas, Mexico"
"Hubbardiidae, Cook 1899","Hubbardiinae, Cook 1899","Mayazomus, Reddell & Cokendolpher 1995","M. tzotzil, Monjaraz-Ruedas & Francke, 2015",NA,"Mexico","Mexico","New World","Outside La Cueva de Teopisca, Teopisca, Chiapas, Mexico"
"Hubbardiidae, Cook 1899","Hubbardiinae, Cook 1899","Mayazomus, Reddell & Cokendolpher 1995","M. yaax, Monjaraz-Ruedas & Francke, 2015",NA,"Mexico","Mexico","New World","1 km N from Las Delicias, La Trinitaria, Chiapas, Mexico"
"Hubbardiidae, Cook 1899","Hubbardiinae, Cook 1899","Naderiore, Pinto-da-Rocha et al. 2016","N. carajas, Pinto-da-Rocha et al., 2016",NA,"Brazil","South America","New World","Floresta Nacional de Carajás, Parauapebas, Pará, Brazil"
"Hubbardiidae, Cook 1899","Hubbardiinae, Cook 1899","Nahual, Monjaraz-Ruedas, Prendini & Francke 2019","N. bokmai, Monjaraz-Ruedas, Prendini & Francke, 2019",NA,"Mexico","Mexico","New World","Cañadas de Rancho Nueva, Xalapa, Veracruz, Mexico"
"Hubbardiidae, Cook 1899","Hubbardiinae, Cook 1899","Nahual, Monjaraz-Ruedas, Prendini & Francke 2019","N. caballero, (Monjaraz-Ruedas & Francke 2018)","Stenochrus caballero, Monjaraz-Ruedas & Francke, 2018","Mexico","Mexico","New World","Cerro Caballero, San José Tenango, Oaxaca, Mexico"
"Hubbardiidae, Cook 1899","Hubbardiinae, Cook 1899","Nahual, Monjaraz-Ruedas, Prendini & Francke 2019","N. lanceolatus, (Rowland 1975)","Schizomus lanceolatus, Rowland, 1975; Rowland & Reddell, 1981; Stenochrus lanceolatus, Reddell & Cokendolpher, 1991","Mexico","Mexico","New World","Cueva del Diablo, Mendoza, Veracruz, Mexico"
"Hubbardiidae, Cook 1899","Hubbardiinae, Cook 1899","Nahual, Monjaraz-Ruedas, Prendini & Francke 2019","N. pallidus, (Rowland 1975)","Schizomus pallidus, Rowland, 1975; Rowland & Reddell, 1980; Stenochrus pallidus, Reddell & Cokendolpher, 1991","Mexico","Mexico","New World","Cueva Macinga, 2 km E of Tlilapan, Veracruz, Mexico"
"Hubbardiidae, Cook 1899","Hubbardiinae, Cook 1899","Neozomus, Reddell & Cokendolpher 1995","N. tikaderi, (Cokendolpher, Sissom & Bastawade 1988)","Schizomus tikaderi, Cokendolpher, Sissom & Bastawade, 1988","India","Southern Asia","Old World","Sinhagad Fort, Thoptewadi, Maharashtra, India"
"Hubbardiidae, Cook 1899","Hubbardiinae, Cook 1899","Notozomus, Harvey 1992","N. aterpes, Harvey, 1992",NA,"Australia","Australia","Old World","2.0 km WNW of Cape Tribulation, Queensland, Australia"
"Hubbardiidae, Cook 1899","Hubbardiinae, Cook 1899","Notozomus, Harvey 1992","N. boonah, Harvey, 2000b","Apozomus woodwardi, Harvey, 1992 (In part mis-identification, specimen from near Boonah, Queensland)","Australia","Australia","Old World","16 km N of Boonah, Queensland, Australia"
"Hubbardiidae, Cook 1899","Hubbardiinae, Cook 1899","Notozomus, Harvey 1992","N. bronweneae, Harvey, 2000b",NA,"Australia","Australia","Old World","Wishing Pool, Eungella National Park, Queensland, Australia"
"Hubbardiidae, Cook 1899","Hubbardiinae, Cook 1899","Notozomus, Harvey 1992","N. curiosus, Harvey, 2000b",NA,"Australia","Australia","Old World","Mission Beach, Queensland, Australia"
"Hubbardiidae, Cook 1899","Hubbardiinae, Cook 1899","Notozomus, Harvey 1992","N. daviesae, Harvey, 1992",NA,"Australia","Australia","Old World","Fritz Creek, Mt. Finlay, Queensland, Australia"
"Hubbardiidae, Cook 1899","Hubbardiinae, Cook 1899","Notozomus, Harvey 1992","N. elongatus, Harvey, 2000b",NA,"Australia","Australia","Old World","Mt. Murray Prior, Queensland, Australia"
"Hubbardiidae, Cook 1899","Hubbardiinae, Cook 1899","Notozomus, Harvey 1992","N. faustus, Harvey, 2000b",NA,"Australia","Australia","Old World","Conway National Park, Queensland, Australia"
"Hubbardiidae, Cook 1899","Hubbardiinae, Cook 1899","Notozomus, Harvey 1992","N. ingham, Harvey, 1992",NA,"Australia","Australia","Old World","Wallaman Falls, via Ingham, Queensland, Australia"
"Hubbardiidae, Cook 1899","Hubbardiinae, Cook 1899","Notozomus, Harvey 1992","N. jaquelinae, Harvey, 2000b",NA,"Australia","Australia","Old World","Rainforest gully, Mt. Abbot, Queensland, Australia"
"Hubbardiidae, Cook 1899","Hubbardiinae, Cook 1899","Notozomus, Harvey 1992","N. ker, Harvey, 1992",NA,"Australia","Australia","Old World","Cableway Base Station, Bellenden Ker Range, Queensland, Australia"
"Hubbardiidae, Cook 1899","Hubbardiinae, Cook 1899","Notozomus, Harvey 1992","N. majesticus, Harvey, 2000b",NA,"Australia","Australia","Old World","SE Windsor Tableland, Queensland, Australia"
"Hubbardiidae, Cook 1899","Hubbardiinae, Cook 1899","Notozomus, Harvey 1992","N. maurophila, Harvey, 2000b",NA,"Australia","Australia","Old World","Black Mt. Rd., 5km N of Kuranda, Queensland, Australia"
"Hubbardiidae, Cook 1899","Hubbardiinae, Cook 1899","Notozomus, Harvey 1992","N. monteithi, Harvey, 1992",NA,"Australia","Australia","Old World","Clacherty Rd., via Julatten, Queensland, Australia"
"Hubbardiidae, Cook 1899","Hubbardiinae, Cook 1899","Notozomus, Harvey 1992","N. raveni, Harvey, 1992",NA,"Australia","Australia","Old World","Majors Mt., Queensland, Australia"
"Hubbardiidae, Cook 1899","Hubbardiinae, Cook 1899","Notozomus, Harvey 1992","N. rentzi, Harvey, 1992",NA,"Australia","Australia","Old World","Lake Eacham, Queensland, Australia"
"Hubbardiidae, Cook 1899","Hubbardiinae, Cook 1899","Notozomus, Harvey 1992","N. spec, (Harvey 1992)","Apozomus spec, Harvey, 1992; Reddell & Cokendolpher, 1995","Australia","Australia","Old World","Little Crystal Creek, Mt. Spec, Queensland, Australia"
"Hubbardiidae, Cook 1899","Hubbardiinae, Cook 1899","Notozomus, Harvey 1992","N. wudjl, Harvey, 2000b",NA,"Australia","Australia","Old World","14.4 km N of Wudjl Wudjl, Queensland, Australia"
"Hubbardiidae, Cook 1899","Hubbardiinae, Cook 1899","Oculozomus, Reddell & Cokendolpher 1995","O. biocellatus, (Sissom 1980)","Schizomus biocellatus, Sissom, 1980","Indonesia","Southeast Asia","Old World","Bukittingi (=Fort de Kock), Sumatra, Indonesia"
"Hubbardiidae, Cook 1899","Hubbardiinae, Cook 1899","Olmecazomus, Monjaraz-Ruedas & Francke 2017","O. brujo, Monjaraz-Ruedas & Francke, 2017","Olmeca brujo, Monjaraz-Ruedas & Francke, 2017","Mexico","Mexico","New World","Estacíon Biologíca Los Tuxtlas, San Andrés Tuxtla, Chiapas, Mexico"
"Hubbardiidae, Cook 1899","Hubbardiinae, Cook 1899","Olmecazomus, Monjaraz-Ruedas & Francke 2017","O. cruzlopezi, Monjaraz-Ruedas & Francke, 2017","Olmeca cruzlopezi, Monjaraz-Ruedas & Francke, 2017","Mexico","Mexico","New World","El Rasterjón, Ocozocuautla, Chiapas, Mexico"
"Hubbardiidae, Cook 1899","Hubbardiinae, Cook 1899","Olmecazomus, Monjaraz-Ruedas & Francke 2017","O. santibanezi, Monjaraz-Ruedas & Francke, 2017","Olmeca santibanezi, Monjaraz-Ruedas & Francke, 2017","Mexico","Mexico","New World","El Aserradero, Ocosingo, Chiapas, Mexico"
"Hubbardiidae, Cook 1899","Hubbardiinae, Cook 1899","Orientzomus, Cokendolpher & Tsurusaki 1994","O. luzonicus, (Hansen in Hansen & Sørensen, 1905)","Trithyreus luzonicus, Hansen in Hansen & Sørensen, 1905","Philippines","Southeast Asia","Old World","Manila and Antipolo, Luzon Island, Republic of the Philippines"
"Hubbardiidae, Cook 1899","Hubbardiinae, Cook 1899","Orientzomus, Cokendolpher & Tsurusaki 1994","O. ralik, Cokendolpher & Reddell, 2000b",NA,"Marshall Islands","Micronesia","Old World","Jibu (=Jebu) Island, Jaluit Atoll, Ralik chain, Marshall Islands"
"Hubbardiidae, Cook 1899","Hubbardiinae, Cook 1899","Orientzomus, Cokendolpher & Tsurusaki 1994","O. sawadai, (Kishida 1930)","Trithyreus sawadai, Kishida, 1930; Sekiguchi & Yamasaki, 1972; Schizomus sawadai, Cokendolpher, 1988; Cokendolpher & Tsurusaki, 1994","Japan","Eastern Asia","Old World","Sakai-ura, Chichi-jima Island, Ogasawara-shotô (=Bonin Islands), Tôkyô, Japan"
"Hubbardiidae, Cook 1899","Hubbardiinae, Cook 1899","Ovozomus, Harvey 2001a","O. lunatus, (Gravely 1911a)","Schizomus lunatus, Gravely, 1911a; Bastawade, 2004; Schizomus similis, Hirst 1913; Schizomus remyi, Lawrence, 1969; Ovozomus similis, Harvey, 2001a","India","Southern Asia","Old World","Botanic Gardens, Kolkata, Shibpur, West Bengal, India"
"Hubbardiidae, Cook 1899","Hubbardiinae, Cook 1899","Ovozomus, Harvey 2001a","O. peradeniyensis, (Gravely 1911b)","Schizomus peradeniyensis, Gravely 1911b; Reddell & Cokendolpher, 1995","Sri Lanka","Southern Asia","Old World","Royal Botanical Gardens, Peradeniya, Central Province, Sri Lanka"
"Hubbardiidae, Cook 1899","Hubbardiinae, Cook 1899","Pacal, Reddell & Cokendolpher 1995","P. lacandonus, (Rowland 1975)","Schizomus lacandonus, Rowland, 1975; Rowland & Reddell, 1977; 1979b","Mexico","Mexico","New World","Ruinas de Palenque, Chiapas, Mexico"
"Hubbardiidae, Cook 1899","Hubbardiinae, Cook 1899","Pacal, Reddell & Cokendolpher 1995","P. moisii, (Rowland 1973c)","Schizomus moisii, Rowland, 1973c; 1975; Rowland & Reddell, 1977; 1980; Stenochrus moisii, Reddell & Cokendolpher, 1995","Mexico","Mexico","New World","Grutas de Monteflor, near Valle Nacional, Oaxaca, Mexico"
"Hubbardiidae, Cook 1899","Hubbardiinae, Cook 1899","Pacal, Reddell & Cokendolpher 1995","P. stewarti, (Rowland 1973c)","Schizomus stewarti, Rowland, 1973c; 1975; Rowland & Reddell, 1977; 1979b","Mexico","Mexico","New World","Cueva del Guayavo, near Valle Nacional, Oaxaca, Mexico"
"Hubbardiidae, Cook 1899","Hubbardiinae, Cook 1899","Pacal, Reddell & Cokendolpher 1995","P. tepezcuintle, (Armas & Cruz-López 2009)","Stenochrus tepezcuintle, Armas & Cruz-López, 2009","Mexico","Mexico","New World","Cerro Tepezcuintle, San Miguel Soyaltepec, Oaxaca, Mexico"
"Hubbardiidae, Cook 1899","Hubbardiinae, Cook 1899","Pacal, Reddell & Cokendolpher 1995","P. trilobatus, (Rowland 1975)","Schizomus trilobatus, Rowland, 1975; Rowland & Reddell, 1979b","Mexico","Mexico","New World","Las Grutas del Coconá, 3 km NE of Teapa, Tabasco, Mexico"
"Hubbardiidae, Cook 1899","Hubbardiinae, Cook 1899","Piaroa, Manzanilla, Giupponi & Tourinho 2008","P. bacata, Moreno-González, Delgado-Santa & Armas, 2014",NA,"Colombia","South America","New World","Cachipay, Cundinamarca, Colombia"
"Hubbardiidae, Cook 1899","Hubbardiinae, Cook 1899","Piaroa, Manzanilla, Giupponi & Tourinho 2008","P. bijagua, Armas & Víquez, 2009",NA,"Costa Rica","Central America","New World","Albergue Heliconias, Bijagua, Upala, Alajuela, Costa Rica"
"Hubbardiidae, Cook 1899","Hubbardiinae, Cook 1899","Piaroa, Manzanilla, Giupponi & Tourinho 2008","P. escalerete, Moreno-González, Delgado-Santa & Armas, 2014",NA,"Colombia","South America","New World","San Cipriano, Buenaventura, Valle del Cauca, Colombia"
"Hubbardiidae, Cook 1899","Hubbardiinae, Cook 1899","Piaroa, Manzanilla, Giupponi & Tourinho 2008","P. guipongai, Villarreal & García, 2012",NA,"Colombia","South America","New World","Mariquita, Tolima, Colombia"
"Hubbardiidae, Cook 1899","Hubbardiinae, Cook 1899","Piaroa, Manzanilla, Giupponi & Tourinho 2008","P. hoyosi, Delgado-Santa & Armas, 2013",NA,"Colombia","South America","New World","Piedra La Felina, La Dorada, Caldas, Colombia"
"Hubbardiidae, Cook 1899","Hubbardiinae, Cook 1899","Piaroa, Manzanilla, Giupponi & Tourinho 2008","P. pioi, Villarreal, Armas & García, 2014",NA,"Venezuela","South America","New World","Cerro Galicia, Sierra de San Luis, Falcón, Venezuela"
"Hubbardiidae, Cook 1899","Hubbardiinae, Cook 1899","Piaroa, Manzanilla, Giupponi & Tourinho 2008","P. turbacoensis, Segovia-Paccini, Ahumada & Moreno-González, 2018",NA,"Colombia","South America","New World","Botanical Garden 'Guillermo Piñeres', Turbaco, Bolívar, Colombia"
"Hubbardiidae, Cook 1899","Hubbardiinae, Cook 1899","Piaroa, Manzanilla, Giupponi & Tourinho 2008","P. villarreali, Armas & Delgado-Santa, 2012b",NA,"Colombia","South America","New World","Path in San Eugenio, La Celia, Risaralda, Colombia"
"Hubbardiidae, Cook 1899","Hubbardiinae, Cook 1899","Piaroa, Manzanilla, Giupponi & Tourinho 2008","P. virichaj, Villarreal, Giupponi & Tourinho, 2008",NA,"Venezuela","South America","New World","Tobogán de la Selva, Amazonas, Venezuela"
"Hubbardiidae, Cook 1899","Hubbardiinae, Cook 1899","Piaroa, Manzanilla, Giupponi & Tourinho 2008","P. youngi, Armas & Víquez, 2010",NA,"Costa Rica","Central America","New World","Finca de Alberto Moore, Hone Creek, Limón, Costa Rica"
"Hubbardiidae, Cook 1899","Hubbardiinae, Cook 1899","Pinero, Teruel 2018","P. marmoreus, Teruel, 2018",NA,"Cuba","Caribbean","New World","Northern tip of Sierra Chiquita, Isla de Pinos, Isla de la Juventud, Cuba"
"Hubbardiidae, Cook 1899","Hubbardiinae, Cook 1899","Reddellzomus, Armas 2002a","R. cubensis, Armas, 2002a",NA,"Cuba","Caribbean","New World","Cueva Fuentes, Galería de Sifón, Ceja de Francisco, Minas de Matahambre, Pinar del Río, Cuba"
"Hubbardiidae, Cook 1899","Hubbardiinae, Cook 1899","Rowlandius, Reddell & Cokendolpher 1995"," † R. velteni, Krüger & Dunlop, 2010",NA,"Cuba","Caribbean","New World","Dominican amber, Hispaniola, Miocene"
"Hubbardiidae, Cook 1899","Hubbardiinae, Cook 1899","Rowlandius, Reddell & Cokendolpher 1995","R. abeli, Armas, 2002b",NA,"Cuba","Caribbean","New World","Outside Cueva Grande, Cayo Caguanes, Yaguajay, Sancti Spíritus, Cuba"
"Hubbardiidae, Cook 1899","Hubbardiinae, Cook 1899","Rowlandius, Reddell & Cokendolpher 1995","R. alayoni, (Armas 1989)","Schizomus gladiger, Rowland & Reddell, 1979a (misidentification); Schizomus alayoni, Armas, 1989","Cuba","Caribbean","New World","Vicinity of El Morro, Santiago de Cuba, Cuba"
"Hubbardiidae, Cook 1899","Hubbardiinae, Cook 1899","Rowlandius, Reddell & Cokendolpher 1995","R. anasilviae, (Armas & Abud Antun 1990)","Schizomus anasilviae, Armas & Abud Antun, 1990","Dominican Republic","Caribbean","New World","La Laguna, Montería, Baní, Peravia, Dominican Republic"
"Hubbardiidae, Cook 1899","Hubbardiinae, Cook 1899","Rowlandius, Reddell & Cokendolpher 1995","R. arduus, Armas, Villarreal & Colmenares-García, 2009",NA,"Venezuela","South America","New World","Cerro Galicia, Sierra de San Luis, Falcón, Venezuela"
"Hubbardiidae, Cook 1899","Hubbardiinae, Cook 1899","Rowlandius, Reddell & Cokendolpher 1995","R. baracoae, (Armas 1989)","Schizomus baracoae, Armas, 1989","Cuba","Caribbean","New World","Cueva de Majana, Majana, Baracoa, Guantánamo, Cuba"
"Hubbardiidae, Cook 1899","Hubbardiinae, Cook 1899","Rowlandius, Reddell & Cokendolpher 1995","R. biconourus, (Rowland & Reddell 1979a)","Schizomus biconourus, Rowland & Reddell, 1979a","Cuba","Caribbean","New World","Cienfuegos, Soledad, Cuba"
"Hubbardiidae, Cook 1899","Hubbardiinae, Cook 1899","Rowlandius, Reddell & Cokendolpher 1995","R. candidae, Teruel, Armas & Rodríguez, 2012",NA,"Cuba","Caribbean","New World","Entre El Copey y la Loma del Vigiá, Placetas, Villa Clara, Cuba"
"Hubbardiidae, Cook 1899","Hubbardiinae, Cook 1899","Rowlandius, Reddell & Cokendolpher 1995","R. casabito, (Armas & Abud Antun 1990)","Schizomus casabito, Armas & Abud Antun, 1990","Dominican Republic","Caribbean","New World","Carreterra a Casabito, Constanza, La Vega, Dominican Republic"
"Hubbardiidae, Cook 1899","Hubbardiinae, Cook 1899","Rowlandius, Reddell & Cokendolpher 1995","R. chinoi, Armas, 2010b","Schizomus sp., Camilo & Cokendolpher, 1988","Puerto Rico","Caribbean","New World","Cueva Oscura, Sistema Subterráneo Aguas Buenas, Aguas Buenas, Puerto Rico"
"Hubbardiidae, Cook 1899","Hubbardiinae, Cook 1899","Rowlandius, Reddell & Cokendolpher 1995","R. cousinensis, (Rowland & Reddell 1979a)","Schizomus cousinensis, Rowland & Reddell, 1979a","Jamaica","Caribbean","New World","Cousin's Cove Cave No. 1, Cousin's Cove, Hanover Parish, Jamaica"
"Hubbardiidae, Cook 1899","Hubbardiinae, Cook 1899","Rowlandius, Reddell & Cokendolpher 1995","R. cubanacan, (Armas 1989)","Schizomus cubanacan, Armas, 1989","Cuba","Caribbean","New World","Manacal and Cueva del Veterano, Trinidad, Sancti Spíritus, Cuba"
"Hubbardiidae, Cook 1899","Hubbardiinae, Cook 1899","Rowlandius, Reddell & Cokendolpher 1995","R. cupeyalensis, Armas, 2002b",NA,"Cuba","Caribbean","New World","Cupeyal del Norte, Yateras, Guantánamo, Cuba"
"Hubbardiidae, Cook 1899","Hubbardiinae, Cook 1899","Rowlandius, Reddell & Cokendolpher 1995","R. desecheo, (Rowland & Reddell 1979a)","Schizomus desecheo, Rowland & Reddell, 1979a; Camilo & Cokendolpher, 1988","Puerto Rico","Caribbean","New World","Desecheo Island, Puerto Rico"
"Hubbardiidae, Cook 1899","Hubbardiinae, Cook 1899","Rowlandius, Reddell & Cokendolpher 1995","R. ducoudrayi, (Armas & Abud Antun 1990)","Schizomus ducoudrayi, Armas & Abud Antun, 1990","Dominican Republic","Caribbean","New World","Rincón Naranjo, Los Haitises, Comatillo, Bayaguana, Monte Plata, Dominican Republic"
"Hubbardiidae, Cook 1899","Hubbardiinae, Cook 1899","Rowlandius, Reddell & Cokendolpher 1995","R. dumitrescoae, (Rowland & Reddell 1979a)","Schizomus dumitrescoae, Rowland & Reddell, 1979a; Rowlandius prope dumitrescoae, Armas & Víquez, 2010","Costa Rica","Central America","New World","Coto, Puntarenas, Costa Rica"
"Hubbardiidae, Cook 1899","Hubbardiinae, Cook 1899","Rowlandius, Reddell & Cokendolpher 1995","R. engombe, Armas & Abud Antun, 2002",NA,"Dominican Republic","Caribbean","New World","Engombe, Santo Domingo, Distrito Nacional, Dominican Republic"
"Hubbardiidae, Cook 1899","Hubbardiinae, Cook 1899","Rowlandius, Reddell & Cokendolpher 1995","R. falcifemur, Teruel, 2003",NA,"Cuba","Caribbean","New World","Cueva de los Murciélagos, Juraguá, Santiago de Cuba, Santiago de Cuba, Cuba"
"Hubbardiidae, Cook 1899","Hubbardiinae, Cook 1899","Rowlandius, Reddell & Cokendolpher 1995","R. florenciae, Teruel, 2003",NA,"Cuba","Caribbean","New World","1 km N of Florencia, Florencia, Ciego de Ávila, Cuba"
"Hubbardiidae, Cook 1899","Hubbardiinae, Cook 1899","Rowlandius, Reddell & Cokendolpher 1995","R. gladiger, (Dumitresco 1977)","Schizomus gladiger, Dumitresco, 1977; Armas, 1989","Cuba","Caribbean","New World","Cueva de Banega, vallée de la rivière Río Mogote, ca 2 km from Matías, Oriente, Cuba"
"Hubbardiidae, Cook 1899","Hubbardiinae, Cook 1899","Rowlandius, Reddell & Cokendolpher 1995","R. gracilis, Teruel, 2004",NA,"Cuba","Caribbean","New World","La Cantera, Julio Antonio Mella, Santiago de Cuba, Cuba"
"Hubbardiidae, Cook 1899","Hubbardiinae, Cook 1899","Rowlandius, Reddell & Cokendolpher 1995","R. guama, Teruel & Armas, 2012",NA,"Cuba","Caribbean","New World","Playa Blanca, Sevilla, Guamá, Santiago de Cuba, Cuba"
"Hubbardiidae, Cook 1899","Hubbardiinae, Cook 1899","Rowlandius, Reddell & Cokendolpher 1995","R. guamuhaya, Teruel, Armas & Rodríguez, 2012",NA,"Cuba","Caribbean","New World","Monumento a Alberto Delgado, Trinidad, Sancti Spíritus, Cuba"
"Hubbardiidae, Cook 1899","Hubbardiinae, Cook 1899","Rowlandius, Reddell & Cokendolpher 1995","R. guantanamero, Teruel, 2004",NA,"Cuba","Caribbean","New World","1 km N of Río Frío, Nicito Pérez, Guantánamo, Cuba"
"Hubbardiidae, Cook 1899","Hubbardiinae, Cook 1899","Rowlandius, Reddell & Cokendolpher 1995","R. insignis, (Hansen in Hansen & Sørensen 1905)","Schizomus insignis, Hansen in Hansen & Sørensen, 1905; Rowland & Reddell, 1979","Martinique","Caribbean","New World","Martinique"
"Hubbardiidae, Cook 1899","Hubbardiinae, Cook 1899","Rowlandius, Reddell & Cokendolpher 1995","R. isabel, Armas & Abud Antun, 2002",NA,"Dominican Republic","Caribbean","New World","Loma Isabel de Torre, Puerto Plata, Puerto Plata, Dominican Republic"
"Hubbardiidae, Cook 1899","Hubbardiinae, Cook 1899","Rowlandius, Reddell & Cokendolpher 1995","R. jarmillae, Armas & Cokendolpher, 2001",NA,"Dominican Republic","Caribbean","New World","Cueva El Pomier No.2, near Borbón, San Cristóbal, Dominican Republic"
"Hubbardiidae, Cook 1899","Hubbardiinae, Cook 1899","Rowlandius, Reddell & Cokendolpher 1995","R. labarcae, (Armas 1989)","Schizomus labarcae, Armas, 1989","Cuba","Caribbean","New World","Cueva La Barca, Península de Guanahacabibes, Sandino, Pinar del Río, Cuba"
"Hubbardiidae, Cook 1899","Hubbardiinae, Cook 1899","Rowlandius, Reddell & Cokendolpher 1995","R. lantiguai, (Armas & Abud Antun 1990)","Schizomus lantiguai, Armas & Abud Antun, 1990","Dominican Republic","Caribbean","New World","Los Conucos, Guayacanes, San Pedro de Macorís, Dominican Republic"
"Hubbardiidae, Cook 1899","Hubbardiinae, Cook 1899","Rowlandius, Reddell & Cokendolpher 1995","R. linsduarteae, Santos, Dias, Brescovit & Santos, 2008",NA,"Brazil","South America","New World","Área de Proteção Permanente Mata do Buraquinho, João Pessoa, Paraíba, Brazil"
"Hubbardiidae, Cook 1899","Hubbardiinae, Cook 1899","Rowlandius, Reddell & Cokendolpher 1995","R. littoralis, Teruel, 2003",NA,"Cuba","Caribbean","New World","Baconao, Playa Verraco, Santiago de Cuba, Santiago de Cuba, Cuba"
"Hubbardiidae, Cook 1899","Hubbardiinae, Cook 1899","Rowlandius, Reddell & Cokendolpher 1995","R. longipalpus, (Rowland & Reddell 1979a)","Schizomus longipalpus, Rowland & Reddell, 1979a","Haiti","Caribbean","New World","La Vestite, Haiti"
"Hubbardiidae, Cook 1899","Hubbardiinae, Cook 1899","Rowlandius, Reddell & Cokendolpher 1995","R. marianae, Teruel, 2003",NA,"Cuba","Caribbean","New World","Tortoguilla, San Antonia del Sur, Guantánamo, Cuba"
"Hubbardiidae, Cook 1899","Hubbardiinae, Cook 1899","Rowlandius, Reddell & Cokendolpher 1995","R. martinezi, Teruel, 2012",NA,"Cuba","Caribbean","New World","Cueva La Caída, Dos Arroyos, Trinidad, Sancti Spíritus, Cuba"
"Hubbardiidae, Cook 1899","Hubbardiinae, Cook 1899","Rowlandius, Reddell & Cokendolpher 1995","R. melici, Teruel, 2003",NA,"Cuba","Caribbean","New World","Baconao, Sigua, Santiago de Cuba, Santiago de Cuba, Cuba"
"Hubbardiidae, Cook 1899","Hubbardiinae, Cook 1899","Rowlandius, Reddell & Cokendolpher 1995","R. mixtus, Teruel, 2004",NA,"Cuba","Caribbean","New World","Baconao, Playa Verraco, Santiago de Cuba, Santiago de Cuba, Cuba"
"Hubbardiidae, Cook 1899","Hubbardiinae, Cook 1899","Rowlandius, Reddell & Cokendolpher 1995","R. moa, Armas, 2004b",NA,"Cuba","Caribbean","New World","500 m SE of the nickel factory 'Ernesto Che Guevara', Moa, Holguín, Cuba"
"Hubbardiidae, Cook 1899","Hubbardiinae, Cook 1899","Rowlandius, Reddell & Cokendolpher 1995","R. monensis, (Rowland & Reddell 1979a)","Schizomus monensis, Rowland & Reddell, 1979a; Camilo & Cokendolpher, 1988","Puerto Rico","Caribbean","New World","Cueva del Agua, Mona Island, Puerto Rico"
"Hubbardiidae, Cook 1899","Hubbardiinae, Cook 1899","Rowlandius, Reddell & Cokendolpher 1995","R. monticola, Armas, 2002b","Schizomus sp., Armas, 1989 (25, 41, fig. 10b)","Cuba","Caribbean","New World","La Isabelica, 3 km SE of La Gran Piedra, Santiago de Cuba, Santiago de Cuba, Cuba"
"Hubbardiidae, Cook 1899","Hubbardiinae, Cook 1899","Rowlandius, Reddell & Cokendolpher 1995","R. naranjo, (Armas & Abud Antun 1990)","Schizomus naranjo, Armas & Abud Antun, 1990","Dominican Republic","Caribbean","New World","El Naranjo, Los Haitises, Sánchez, Samaná, Dominican Republic"
"Hubbardiidae, Cook 1899","Hubbardiinae, Cook 1899","Rowlandius, Reddell & Cokendolpher 1995","R. negreai, (Dumitresco 1973)","Schizomus negreai, Dumitresco, 1973; Armas, 1989","Cuba","Caribbean","New World","Cueva Cuatrocientas Rosas, no.2 (=Cueva del Hoyito), Banes, Holguín, Cuba"
"Hubbardiidae, Cook 1899","Hubbardiinae, Cook 1899","Rowlandius, Reddell & Cokendolpher 1995","R. peckorum, (Rowland & Reddell 1979a)","Schizomus peckorum, Rowland & Reddell, 1979a","Jamaica","Caribbean","New World","Windsor Great Cave, Windsor, 10 miles S of Falmouth, Trelawney Parish, Jamaica"
"Hubbardiidae, Cook 1899","Hubbardiinae, Cook 1899","Rowlandius, Reddell & Cokendolpher 1995","R. pedrosoi, Giupponi, Miranda & Villarreal, 2016",NA,"Brazil","South America","New World","Gruta P-08, Santa Quitéria, Ceará, Brazil"
"Hubbardiidae, Cook 1899","Hubbardiinae, Cook 1899","Rowlandius, Reddell & Cokendolpher 1995","R. potiguar, Santos, Ferreira & Buzatto, 2013",NA,"Brazil","South America","New World","Gruta da Carrapateira, Felipe Guerra, Rio Grande do Norte, Brazil"
"Hubbardiidae, Cook 1899","Hubbardiinae, Cook 1899","Rowlandius, Reddell & Cokendolpher 1995","R. primibiconourus, (Rowland & Reddell 1979a)","Schizomus primibiconourus, Rowland & Reddell, 1979a","Jamaica","Caribbean","New World","Oxford Cave, Auchtembeddie, Manchester Parish, Jamaica"
"Hubbardiidae, Cook 1899","Hubbardiinae, Cook 1899","Rowlandius, Reddell & Cokendolpher 1995","R. ramosi, Armas, 2002b",NA,"Cuba","Caribbean","New World","Cueva de Falcó, Sistema Subterráneo, María Teresa, NE of Yaguajay, Sancti Spíritus, Cuba"
"Hubbardiidae, Cook 1899","Hubbardiinae, Cook 1899","Rowlandius, Reddell & Cokendolpher 1995","R. reconditus, Teruel, Armas & Rodríguez, 2012",NA,"Cuba","Caribbean","New World","Cuables entre los embalses Ochoa y Ochoíta, Santa Clara, Villa Clara, Cuba"
"Hubbardiidae, Cook 1899","Hubbardiinae, Cook 1899","Rowlandius, Reddell & Cokendolpher 1995","R. recuerdo, (Armas 1989)","Schizomus recuerdo, Armas, 1989","Cuba","Caribbean","New World","4 km S of Topes de Collantes, Trinidad, Sancti Spíritus, Cuba"
"Hubbardiidae, Cook 1899","Hubbardiinae, Cook 1899","Rowlandius, Reddell & Cokendolpher 1995","R. reyesi, Teruel, 2000",NA,"Cuba","Caribbean","New World","Santa Rosa, 2 km W de Sabana, Maisí, Guantánamo, Cuba"
"Hubbardiidae, Cook 1899","Hubbardiinae, Cook 1899","Rowlandius, Reddell & Cokendolpher 1995","R. rociogarciae, Delgado-Santa & Armas, 2013",NA,"Colombia","South America","New World","Vereda La Secreta, La Celia, Risaralda , Colombia"
"Hubbardiidae, Cook 1899","Hubbardiinae, Cook 1899","Rowlandius, Reddell & Cokendolpher 1995","R. serrano, Teruel, 2003",NA,"Cuba","Caribbean","New World","Lomas, 200 m NE of El Cobre, Santiago de Cuba, Santiago de Cuba, Cuba"
"Hubbardiidae, Cook 1899","Hubbardiinae, Cook 1899","Rowlandius, Reddell & Cokendolpher 1995","R. siboney, Armas, 2002b",NA,"Cuba","Caribbean","New World","Cueva Atabex, Siboney, Santiago de Cuba, Santiago de Cuba, Cuba"
"Hubbardiidae, Cook 1899","Hubbardiinae, Cook 1899","Rowlandius, Reddell & Cokendolpher 1995","R. solanllyae, Teruel, 2021",NA,"Dominican Republic","Caribbean","New World","Cueva de los Murciélagos, Sistema Subterráneo La Escalera, Monumento Natural Lagunas Caberete y Goleta, Cabarete, Sosúa, Puerto Plata, Dominican Republic"
"Hubbardiidae, Cook 1899","Hubbardiinae, Cook 1899","Rowlandius, Reddell & Cokendolpher 1995","R. steineri, Armas, 2001",NA,"Haiti","Caribbean","New World","Forest west of Lighthouse, Navassa Island"
"Hubbardiidae, Cook 1899","Hubbardiinae, Cook 1899","Rowlandius, Reddell & Cokendolpher 1995","R. sul, Cokendolpher & Reddell, 2000a",NA,"Brazil","South America","New World","Belém, Pará, Brazil"
"Hubbardiidae, Cook 1899","Hubbardiinae, Cook 1899","Rowlandius, Reddell & Cokendolpher 1995","R. terueli, Armas, 2002b",NA,"Cuba","Caribbean","New World","Ca. 1 km W of playa de Juraguá, Santiago de Cuba, Santiago de Cuba, Cuba"
"Hubbardiidae, Cook 1899","Hubbardiinae, Cook 1899","Rowlandius, Reddell & Cokendolpher 1995","R. toldo, Armas, 2002b",NA,"Cuba","Caribbean","New World","El Toldo plateau, Moa, Holguín, Cuba"
"Hubbardiidae, Cook 1899","Hubbardiinae, Cook 1899","Rowlandius, Reddell & Cokendolpher 1995","R. tomasi, Armas, 2007",NA,"Cuba","Caribbean","New World","Cueva Los Manantiales-Tito, Los Manantiales, Guamuhaya, Manicaragua, Villa Clara, Cuba"
"Hubbardiidae, Cook 1899","Hubbardiinae, Cook 1899","Rowlandius, Reddell & Cokendolpher 1995","R. ubajara, Santos, Ferreira & Buzatto, 2013",NA,"Brazil","South America","New World","Gruta de Ubajara, Parque Nacional de Ubajara, Ceará, Brazil"
"Hubbardiidae, Cook 1899","Hubbardiinae, Cook 1899","Rowlandius, Reddell & Cokendolpher 1995","R.ufbi, Silva, Santos & Carvalho, 2024",NA,"Brazil","South America","New World","Riverine forest along the Parnaíba River margins, Fazenda do Colégio Técnico de Floriano, Floriano, Piauí, Brazil"
"Hubbardiidae, Cook 1899","Hubbardiinae, Cook 1899","Rowlandius, Reddell & Cokendolpher 1995","R. vinai, Teruel, 2003",NA,"Cuba","Caribbean","New World","La Puya, Tercer Frente, Santiago de Cuba, Cuba"
"Hubbardiidae, Cook 1899","Hubbardiinae, Cook 1899","Rowlandius, Reddell & Cokendolpher 1995","R. viquezi, Armas, 2009",NA,"Costa Rica","Central America","New World","OTS La Selva, 3 km S of Puerto Viejo, Zona protectora La Selva, Sarapiquí, Heredia, Costa Rica"
"Hubbardiidae, Cook 1899","Hubbardiinae, Cook 1899","Rowlandius, Reddell & Cokendolpher 1995","R. virginiae, Armas & Abud Antun, 2002",NA,"Dominican Republic","Caribbean","New World","3.5 km N of Guayabal, Postrer Río, Independencia, Dominican Republic"
"Hubbardiidae, Cook 1899","Hubbardiinae, Cook 1899","Rowlandius, Reddell & Cokendolpher 1995","R. viridis, (Rowland & Reddell 1979a)","Schizomus viridis, Rowland & Reddell, 1979a","Jamaica","Caribbean","New World","Abbey Cave, 2.5 miles SW of Mandeville, Manchester Parish, Jamaica"
"Hubbardiidae, Cook 1899","Hubbardiinae, Cook 1899","Schizomus, Cook 1899","S. africanus, (Hansen in Hansen & Sørensen 1905)","Trithyreus africanus, Hansen in Hansen & Sørensen, 1905","Sierra Leone","Western Africa","Old World","Freetown, Western Area, Sierra Leone"
"Hubbardiidae, Cook 1899","Hubbardiinae, Cook 1899","Schizomus, Cook 1899","S. arganoi, Brignoli, 1973",NA,"Mexico","Mexico","New World","Cueva de la Golondrina, Chiapas, Mexico"
"Hubbardiidae, Cook 1899","Hubbardiinae, Cook 1899","Schizomus, Cook 1899","S. arunachalicus, Bastawade, 2006",NA,"India","Southern Asia","Old World","Miao, Changlang, Arunachal Pradesh, India"
"Hubbardiidae, Cook 1899","Hubbardiinae, Cook 1899","Schizomus, Cook 1899","S. brevicaudus, (Hansen 1921)","Trithyreus brevicaudus (as Trithyreus brevicauda), Hansen, 1921","Guinea-Bissau","Western Africa","Old World","Bolama, Bolama, Guinea-Bissau"
"Hubbardiidae, Cook 1899","Hubbardiinae, Cook 1899","Schizomus, Cook 1899","S. crassicaudatus, (Pickard-Cambridge 1872) ","Nyctalops crassicaudata, Pickard-Cambridge, 1872; Nyctalops tenuicaudata, Pickard-Cambridge, 1872","Sri Lanka","Southern Asia","Old World","Royal Botanic Gardens, Peradeniya, Central Province, Sri Lanka"
"Hubbardiidae, Cook 1899","Hubbardiinae, Cook 1899","Schizomus, Cook 1899","S. formicoides, Fernando, 1957",NA,"Sri Lanka","Southern Asia","Old World","Barnes Place, Colombo, Western Province, Sri Lanka"
"Hubbardiidae, Cook 1899","Hubbardiinae, Cook 1899","Schizomus, Cook 1899","S. ghesquierei, (Giltay 1935)","Trithyreus ghesquierei, Giltay, 1935","Democratic Republic of the Congo","Western Africa","Old World","Eala, Équateur, Democratic Republic of the Congo"
"Hubbardiidae, Cook 1899","Hubbardiinae, Cook 1899","Schizomus, Cook 1899","S. greeni, Gravely, 1912",NA,"Sri Lanka","Southern Asia","Old World","Ambalangoda, Southern Province, Sri Lanka"
"Hubbardiidae, Cook 1899","Hubbardiinae, Cook 1899","Schizomus, Cook 1899","S. hanseni, Mello-Leitão 1931","Trithyreus cavernicola, Hansen, 1926 (junior secondary homonym of Schizomus cavernicola)","Tanzania","Eastern Africa","Old World","Grotte B of Kulumuzi-Kiomoni, Tanga, Zanzibar Island, Tanzania"
"Hubbardiidae, Cook 1899","Hubbardiinae, Cook 1899","Schizomus, Cook 1899","S. kharagpurensis, Gravely, 1912",NA,"India","Southern Asia","Old World","Kharagpur, Bengal, India"
"Hubbardiidae, Cook 1899","Hubbardiinae, Cook 1899","Schizomus, Cook 1899","S. mediocriter, Lawrence, 1969",NA,"Tanzania","Eastern Africa","Old World","Bunduki, Uluguru Mountains, Morogoro, Tanzania"
"Hubbardiidae, Cook 1899","Hubbardiinae, Cook 1899","Schizomus, Cook 1899","S. modestus, (Hansen in Hansen & Sørensen 1905)","Trithyreus cambridgei, Börner, 1904 (misidentification); Trithyreus modestus, Hansen in Hansen & Sørensen, 1905","Papua New Guinea","Southeast Asia","Old World","Waikunina (=Vaikania), Central Province, Papua New Guinea and Kabakaul, Gazelle Peninsula, East New Britain, Papua New Guinea"
"Hubbardiidae, Cook 1899","Hubbardiinae, Cook 1899","Schizomus, Cook 1899","S. montanus, Hansen, 1910",NA,"Tanzania","Eastern Africa","Old World","Kibongoto (as Kibonoto) Kilimanjaro, Tanzania"
"Hubbardiidae, Cook 1899","Hubbardiinae, Cook 1899","Schizomus, Cook 1899","S. nidicolus, Lawrence, 1969",NA,"Democratic Republic of the Congo","Western Africa","Old World","Lubumbashi (as Elisabethville), Shaba, Democratic Republic of the Congo"
"Hubbardiidae, Cook 1899","Hubbardiinae, Cook 1899","Schizomus, Cook 1899","S. parvus, (Hansen 1921)","Trithyreus parvus, Hansen, 1921","São Tomé and Príncipe","Western Africa","Old World","Vista Alegre, São Tomé Island, São Tomé and Príncipe"
"Hubbardiidae, Cook 1899","Hubbardiinae, Cook 1899","Schizomus, Cook 1899","S. pauliani, Lawrence, 1969",NA,"Comoros","Eastern Africa","Old World","Cascade de Kangani, Moheli Island, Comoros"
"Hubbardiidae, Cook 1899","Hubbardiinae, Cook 1899","Schizomus, Cook 1899","S. perplexus, (Gravely 1915)","Notozomus perplexus, Bastawade, 2004","Sri Lanka","Southern Asia","Old World","Polonnaruwa (as Polonuruwa), North-Central Province, Sri Lanka"
"Hubbardiidae, Cook 1899","Hubbardiinae, Cook 1899","Schizomus, Cook 1899","S. peteloti, (Rémy 1946)","Trithyreus peteloti, Rémy, 1946","Vietnam","Southern Asia","Old World","Nguyên Lâm Viên (as Plateau du Lang Biang), Lâm Dong, Vietnam"
"Hubbardiidae, Cook 1899","Hubbardiinae, Cook 1899","Schizomus, Cook 1899","S. procerus, (Hansen in Hansen & Sørensen 1905)","Trithyreus procerus, Hansen in Hansen & Sørensen, 1905","Singapore","Southeast Asia","Old World","Singapore"
"Hubbardiidae, Cook 1899","Hubbardiinae, Cook 1899","Schizomus, Cook 1899","S. schoutedeni, (Roewer 1954)","Trithyreus schoutedeni, Roewer, 1954","Democratic Republic of the Congo","Western Africa","Old World","Grotte de Lubushi, Mbanza-Ngungu (as Thysville), Kongo Central, Democratic Republic of the Congo"
"Hubbardiidae, Cook 1899","Hubbardiinae, Cook 1899","Schizomus, Cook 1899","S. tenuipes, Lawrence, 1969",NA,"Mauritius","Eastern Africa","Old World","Cavernes Patates, Rodriguez, Mauritius"
"Hubbardiidae, Cook 1899","Hubbardiinae, Cook 1899","Schizomus, Cook 1899","S. vinsoni, Lawrence, 1969",NA,"Mauritius","Eastern Africa","Old World","Trou aux Cerfs, Mauritius, Mauritius"
"Hubbardiidae, Cook 1899","Hubbardiinae, Cook 1899","Schizomus, Cook 1899","S. virescens, Lawrence, 1969",NA,"Mauritius","Eastern Africa","Old World","St Gabriel, Rodriguez, Mauritius"
"Hubbardiidae, Cook 1899","Hubbardiinae, Cook 1899","Schizomus, Cook 1899","S. vittatus, Gravely, 1911b",NA,"Sri Lanka","Southern Asia","Old World","Royal Botanic Gardens, Peradeniya, Central Province, Sri Lanka"
"Hubbardiidae, Cook 1899","Hubbardiinae, Cook 1899","Schizophyxia, Monjaraz-Ruedas, Prendini & Francke 2019","S. bartolo, (Rowland 1973b)","Schizomus bartolo, Rowland, 1973b; Rowland & Reddell, 1977; 1980; Reddell, 1981; Stenochrus bartolo, Reddell & Cokendolpher, 1995","Mexico","Mexico","New World","Gruta de San Bartolo, Santa Catarina, Nuevo Léon, Mexico"
"Hubbardiidae, Cook 1899","Hubbardiinae, Cook 1899","Schizophyxia, Monjaraz-Ruedas, Prendini & Francke 2019","S. lukensi, (Rowland 1973c)","Schizomus lukensi, Rowland, 1973c; Rowland & Reddell, 1977; 1980; Reddell, 1981; Stenochrus lukensi, Reddell & Cokendolpher, 1995","Mexico","Mexico","New World","Cueva del Agua, Gomez Farias, Tamaulipas, Mexico"
"Hubbardiidae, Cook 1899","Hubbardiinae, Cook 1899","Secozomus, Harvey 2001a","S. latipes, (Hansen in Hansen & Sørensen 1905)","Schizomus latipes, Hansen in Hansen & Sørensen, 1905","Seychelle Islands","Eastern Africa","Old World","Seychelle Islands"
"Hubbardiidae, Cook 1899","Hubbardiinae, Cook 1899","Sotanostenochrus, Reddell & Cokendolpher 1995","S. cookei, (Rowland 1971b)","Schizomus cookei, Rowland, 1971b; Rowland & Reddell, 1980","Mexico","Mexico","New World","Sótano de la Tinaja, 10.5 km NE of Ciudad Valles, San Luis Potosí, Mexico"
"Hubbardiidae, Cook 1899","Hubbardiinae, Cook 1899","Sotanostenochrus, Reddell & Cokendolpher 1995","S. mitchelli, (Rowland 1971b)","Schizomus mitchelli, Rowland, 1971b; Rowland & Reddell, 1980","Mexico","Mexico","New World","Cueva de El Pachón, 7.5 km NE of Antiguo Morelos, Tamaulipas, Mexico"
"Hubbardiidae, Cook 1899","Hubbardiinae, Cook 1899","Stenochrus, Chamberlin 1922","S. alcalai, Monjaraz-Ruedas & Francke, 2018",NA,"Mexico","Mexico","New World","La Laguna, San Pedro Jocotipac, Oaxaca, Mexico"
"Hubbardiidae, Cook 1899","Hubbardiinae, Cook 1899","Stenochrus, Chamberlin 1922","S. cavernicolens, (Chamberlin & Ivie 1938)","Schizomus cavernicolens, Chamberlin & Ivie, 1938; Stenochrus portoricensis","Mexico","Mexico","New World","Xkyc Cave (Actun Xkyc), Opichén, Yucatán, Mexico"
"Hubbardiidae, Cook 1899","Hubbardiinae, Cook 1899","Stenochrus, Chamberlin 1922","S. chimalapas, Monjaraz-Ruedas & Francke, 2018",NA,"Mexico","Mexico","New World","Cueva de Escolapa, Santa María Chimalapas, Oaxaca, Mexico"
"Hubbardiidae, Cook 1899","Hubbardiinae, Cook 1899","Stenochrus, Chamberlin 1922","S. gruta, Monjaraz-Ruedas & Francke, 2018",NA,"Mexico","Mexico","New World","Gruta de San Sebastián, San Sebastián de las Grutas, Sola de Vega, Oaxaca, Mexico"
"Hubbardiidae, Cook 1899","Hubbardiinae, Cook 1899","Stenochrus, Chamberlin 1922","S. guatemalensis, (Chamberlin 1922)","Schizomus guatemalensis, Chamberlin, 1922; Rowland & Reddell, 1980","Guatemala","Central America","New World","San Rafael?, Guatemala"
"Hubbardiidae, Cook 1899","Hubbardiinae, Cook 1899","Stenochrus, Chamberlin 1922","S. leon, Armas, 1995",NA,"Nicaragua","Central America","New World","2 km NW of Telica, Léon, Nicaragua"
"Hubbardiidae, Cook 1899","Hubbardiinae, Cook 1899","Stenochrus, Chamberlin 1922","S. longimanus, (Rowland 1971b)","Schizomus longimanus, Rowland, 1971b; Stenochrus portoricensis","Mexico","Mexico","New World","Cueva Cerro Hueco, 3 km S of Tuxtla Gutiérrez, Chiapas, Mexico"
"Hubbardiidae, Cook 1899","Hubbardiinae, Cook 1899","Stenochrus, Chamberlin 1922","S. pecki, (Rowland 1973b)","Schizomus pecki, Rowland, 1973b; Rowland & Reddell, 1980","Mexico","Mexico","New World","Las Grutas del Coconá, 3 km NE of Teapa, Tabasco, Mexico"
"Hubbardiidae, Cook 1899","Hubbardiinae, Cook 1899","Stenochrus, Chamberlin 1922","S. portoricensis, Chamberlin 1922","Schizomus portoricensis, Rowland & Reddell, 1977; 1980; Schizomus longimanus, Rowland, 1971b; Schizomus loreto, Armas, 1977","Puerto Rico","North America","New World","Coamo Springs, Puerto Rico"
"Hubbardiidae, Cook 1899","Hubbardiinae, Cook 1899","Stenoschizomus, González-Sponga 1997","S. tejeriensis, González-Sponga, 1997",NA,"Venezuela","South America","New World","La Montañita, Road between Tejerías-Tiara, Santos Michelena, Aragua, Venezuela"
"Hubbardiidae, Cook 1899","Hubbardiinae, Cook 1899","Stewartpeckius, Reddell & Cokendolpher 1995","S. troglobius, (Rowland & Reddell 1981)","Schizomus troglobius, Rowland & Reddell, 1981","Jamaica","Caribbean","New World","Jackson Bay Cave, Clarendon Parish, Jamaica"
"Hubbardiidae, Cook 1899","Hubbardiinae, Cook 1899","Surazomus, Reddell & Cokendolpher 1995","S. algodoal, Ruiz & Valente, 2017",NA,"Brazil","South America","New World","Algodoal Island, Maracanã, Pará, Brazil"
"Hubbardiidae, Cook 1899","Hubbardiinae, Cook 1899","Surazomus, Reddell & Cokendolpher 1995","S. antonioi, Armas & Víquez, 2014",NA,"Costa Rica","Central America","New World","INBio, Estacíon en Bahia Wafer, Isla del Coco, Costa Rica"
"Hubbardiidae, Cook 1899","Hubbardiinae, Cook 1899","Surazomus, Reddell & Cokendolpher 1995","S. arboreus, Cokendolpher & Reddell, 2000a",NA,"Brazil","South America","New World","Rio Tauramã-Mirim, Amazonas, Brazil"
"Hubbardiidae, Cook 1899","Hubbardiinae, Cook 1899","Surazomus, Reddell & Cokendolpher 1995","S. boliviensis, Cokendolpher & Reddell, 2000a","Schizomus sp., OTU No 11, Rowland & Reddell, 1979b","Bolivia","South America","New World","Rio Benecito, Chacobo Indian Village, Beni, Bolivia"
"Hubbardiidae, Cook 1899","Hubbardiinae, Cook 1899","Surazomus, Reddell & Cokendolpher 1995","S. brasiliensis, (Kraus & Beck 1967)","Trithyreus brasiliensis, Kraus, 1967; Schizomus brasiliensis, Rowland & Reddell, 1979b","Brazil","South America","New World","Reserva Ducke des I.N.P.A., near Manaus, Amazonas, Brazil"
"Hubbardiidae, Cook 1899","Hubbardiinae, Cook 1899","Surazomus, Reddell & Cokendolpher 1995","S. brus, Armas, Villarreal & Víquez, 2010",NA,"Costa Rica","Central America","New World","INBio, Estacíon Biológica Las Cruces, Coto Brus, Puntarenas, Costa Rica"
"Hubbardiidae, Cook 1899","Hubbardiinae, Cook 1899","Surazomus, Reddell & Cokendolpher 1995","S. chavin, Pinto-da-Rocha, 1996",NA,"Peru","South America","New World","Near Rio Yuyapichis, Pachitea, Panguana, Huánuco, Peru"
"Hubbardiidae, Cook 1899","Hubbardiinae, Cook 1899","Surazomus, Reddell & Cokendolpher 1995","S. chiapasensis, Monjaraz-Ruedas, Prendini & Francke, 2020",NA,"Mexico","Mexico","New World","4 km S on Highway 190 of Santa Isabel, Arriaga, Chiapas, Mexico"
"Hubbardiidae, Cook 1899","Hubbardiinae, Cook 1899","Surazomus, Reddell & Cokendolpher 1995","S. cuenca, (Rowland & Reddell 1979b)","Schizomus cuenca, Rowland & Reddell, 1979b","Ecuador","South America","New World","Cuenca, Azuay, Ecuador"
"Hubbardiidae, Cook 1899","Hubbardiinae, Cook 1899","Surazomus, Reddell & Cokendolpher 1995","S. cumbalensis, (Kraus 1957)","Trithyreus cumbalensis, Kraus, 1957; Schizomus cumbalensis, Rowland & Reddell, 1979b","Colombia","South America","New World","Cumbal, between Paso and Ipiales, Nariño, Colombia"
"Hubbardiidae, Cook 1899","Hubbardiinae, Cook 1899","Surazomus, Reddell & Cokendolpher 1995","S. escondido, Monjaraz-Ruedas, Prendini & Francke, 2020",NA,"Mexico","Mexico","New World","Km 232 Highway Oaxaca-Puerto Escondido, Puerto Escondido, Oaxaca, Mexico"
"Hubbardiidae, Cook 1899","Hubbardiinae, Cook 1899","Surazomus, Reddell & Cokendolpher 1995","S. inexpectatus, Armas, Villarreal & Víquez, 2010",NA,"Costa Rica","Central America","New World","INBio, Estacíon Biológica Las Cruces, Coto Brus, Puntarenas, Costa Rica"
"Hubbardiidae, Cook 1899","Hubbardiinae, Cook 1899","Surazomus, Reddell & Cokendolpher 1995","S. kitu, Villarreal, Miranda & Giupponi, 2016",NA,"Ecuador","South America","New World","Rio Palenque, Pichincha, Ecuador"
"Hubbardiidae, Cook 1899","Hubbardiinae, Cook 1899","Surazomus, Reddell & Cokendolpher 1995","S. macarenensis, (Kraus 1957)","Trithyreus macarenensis, Kraus, 1957; Schizomus macarenensis, Rowland & Reddell, 1979b","Colombia","South America","New World","Macarena, Tolima, Colombia"
"Hubbardiidae, Cook 1899","Hubbardiinae, Cook 1899","Surazomus, Reddell & Cokendolpher 1995","S. manaus, Cokendolpher & Reddell, 2000a",NA,"Brazil","South America","New World","I.N.P.A. campus, Manaus, Brazil"
"Hubbardiidae, Cook 1899","Hubbardiinae, Cook 1899","Surazomus, Reddell & Cokendolpher 1995","S. mirim, Cokendolpher & Reddell, 2000a",NA,"Brazil","South America","New World","Rio Tauramã-Mirim, Amazonas, Brazil"
"Hubbardiidae, Cook 1899","Hubbardiinae, Cook 1899","Surazomus, Reddell & Cokendolpher 1995","S. nara, Armas & Víquez, 2011",NA,"Costa Rica","Central America","New World","INBio, Cerro Nara, Quepos, San José, Costa Rica"
"Hubbardiidae, Cook 1899","Hubbardiinae, Cook 1899","Surazomus, Reddell & Cokendolpher 1995","S. paitit, Bonaldo & Pinto-da-Rocha, 2007",NA,"Brazil","South America","New World","Parcela LBA, Estação Científica Ferreira Penna, Floresta Nacional de Caxiuaña, Melgaço, Pará, Brazil"
"Hubbardiidae, Cook 1899","Hubbardiinae, Cook 1899","Surazomus, Reddell & Cokendolpher 1995","S. palenque, Villarreal, Miranda & Giupponi, 2016",NA,"Ecuador","South America","New World","Rio Palenque, Pichincha, Ecuador"
"Hubbardiidae, Cook 1899","Hubbardiinae, Cook 1899","Surazomus, Reddell & Cokendolpher 1995","S. pallipatellatus, (Rowland & Reddell 1979b)","Schizomus pallipatellatus, Rowland & Reddell, 1979b","Costa Rica","Central America","New World","Coto, Puntarenas, Costa Rica"
"Hubbardiidae, Cook 1899","Hubbardiinae, Cook 1899","Surazomus, Reddell & Cokendolpher 1995","S. peregrinus, Monjaraz-Ruedas, Prendini & Francke, 2020",NA,"Mexico","Mexico","New World","5 km NW on road to Panixtlahuaca, Juquila, Santa Catarina Juquila, Oaxaca, Mexico"
"Hubbardiidae, Cook 1899","Hubbardiinae, Cook 1899","Surazomus, Reddell & Cokendolpher 1995","S. rafaeli, Salvatierra, 2018",NA,"Brazil","South America","New World","Flona do Jamari, Itapuã do Oeste, Rondônia, Brazil"
"Hubbardiidae, Cook 1899","Hubbardiinae, Cook 1899","Surazomus, Reddell & Cokendolpher 1995","S. rodriguesi, Cokendolpher & Reddell, 2000a",NA,"Brazil","South America","New World","Rio Tauramã-Mirim, Amazonas, Brazil"
"Hubbardiidae, Cook 1899","Hubbardiinae, Cook 1899","Surazomus, Reddell & Cokendolpher 1995","S. saturninonae, Ruiz & Valente, 2019",NA,"Brazil","South America","New World","São Sebastião, Igarapé Sequtitã, Bagre, Pará, Brazil"
"Hubbardiidae, Cook 1899","Hubbardiinae, Cook 1899","Surazomus, Reddell & Cokendolpher 1995","S. selva, Armas, Villarreal & Víquez, 2010",NA,"Costa Rica","Central America","New World","INBio, Estacíon Biológica La Selva, Heredia, Costa Rica"
"Hubbardiidae, Cook 1899","Hubbardiinae, Cook 1899","Surazomus, Reddell & Cokendolpher 1995","S. sturmi, (Kraus 1957)","Trithyreus sturmi, Kraus, 1957; Schizomus sturmi, Rowland & Reddell, 1979b","Colombia","South America","New World","""Hochebene von Bogotá, etwa 3 km vom Stadtrand entfernt"" (Sturm, 1955), Cundinamarca, Bogotá, Colombia"
"Hubbardiidae, Cook 1899","Hubbardiinae, Cook 1899","Surazomus, Reddell & Cokendolpher 1995","S. uarini, Santos & Pinto-da-Rocha, 2009",NA,"Brazil","South America","New World","Uarini, Amazonas, Brazil"
"Hubbardiidae, Cook 1899","Hubbardiinae, Cook 1899","Surazomus, Reddell & Cokendolpher 1995","S. vaughani, Armas & Víquez, 2011",NA,"Costa Rica","Central America","New World","Finca de Alberto Moore, Hone Creek, Limón, Costa Rica"
"Hubbardiidae, Cook 1899","Hubbardiinae, Cook 1899","Tayos, Reddell & Cokendolpher 1995","T. ashmolei, (Reddell and Cokendolpher 1984)","Schizomus ashmolei, Reddell and Cokendolpher, 1984","Ecuador","South America","New World","Cueva de los Tayos, Morona-Santiago Province, Ecuador"
"Hubbardiidae, Cook 1899","Hubbardiinae, Cook 1899","Trithyreus, Thorell 1889","T. grassii, (Thorell 1889)","Tripeltis grassii, Thorell, 1889; Kraepelin, 1897","Myanmar","Southeast Asia","Old World","Teinzò (= Teinthaw), Bhamo, Kachin, Myanmar"
"Hubbardiidae, Cook 1899","Hubbardiinae, Cook 1899","Trithyreus, Thorell 1889","T. sijuensis, (Gravely 1924)","Schizomus sijuensis, Gravely, 1924; 'Schizomus sijuensis' Reddell & Cokendolpher, 1995","India","Southern Asia","Old World","Siju Cave, Garo Hill, Meghalaya, (=Assam), India"
"Hubbardiidae, Cook 1899","Hubbardiinae, Cook 1899","Troglocubazomus, Teruel 2003","T. inexpectatus, Teruel & Rodríguez-Cabrera, 2019",NA,"Cuba","Caribbean","New World","Cueva Funeraria #2, El Guafe, Cabo Cruz, Niquero, Granma, Cuba"
"Hubbardiidae, Cook 1899","Hubbardiinae, Cook 1899","Troglocubazomus, Teruel 2003","T. orghidani, (Dumitresco 1977)","Schizomus orghidani, Dumitresco, 1977; Cubazomus orghidani, Reddell & Cokendolpher, 1995","Cuba","Caribbean","New World","Cueva Atabex, Siboney, Santiago de Cuba, Santiago de Cuba, Cuba"
"Hubbardiidae, Cook 1899","Hubbardiinae, Cook 1899","Troglostenochrus, Monjaraz-Ruedas, Prendini & Francke 2019","T. palaciosi, (Reddell & Cokendolpher 1986)","Schizomus palaciosi, Reddell and Cokendolpher, 1986; Stenochrus palaciosi, Reddell and Cokendolpher, 1991","Mexico","Mexico","New World","Gruta de Acuitlapán, 12 km NE of Taxco, Guerrero, Mexico"
"Hubbardiidae, Cook 1899","Hubbardiinae, Cook 1899","Troglostenochrus, Monjaraz-Ruedas, Prendini & Francke 2019","T. valdezi, (Monjaraz-Ruedas 2012)","Stenochrus valdezi, Monjaraz-Ruedas, 2012","Mexico","Mexico","New World","Cueva de San Francisco, La Trinitaria, Chiapas, Mexico"
"Hubbardiidae, Cook 1899","Hubbardiinae, Cook 1899","Vinabayesius, Teruel & Rodríguez-Cabrera 2021","V. arenicola, (Teruel, Armas & Rodríguez-Cabrera 2012)","Rowlandius arenicola, Teruel, Armas & Rodríguez-Cabrera, 2012","Cuba","Caribbean","New World","Guajimico, Cumanyagua, Cienfuegos, Cuba"
"Hubbardiidae, Cook 1899","Hubbardiinae, Cook 1899","Vinabayesius, Teruel & Rodríguez-Cabrera 2021","V. digitiger, (Dumitresco 1977)","Schizomus digitiger, Dumitresco, 1977; Armas 1989","Cuba","Caribbean","New World","Cueva de Conchó, Sierra del Chorillo, Najasa, Camagüey, Cuba"
"Hubbardiidae, Cook 1899","Hubbardiinae, Cook 1899","Vinabayesius, Teruel & Rodríguez-Cabrera 2021","V. naranjoi, Teruel & Rodríguez-Cabrera 2021","Schizomus digitiger, Armas, 1989 (in part misidentification, specimens from Granma and Santiago de Cuba)","Cuba","Caribbean","New World","Cueva Funeraria #2, El Guafe, Cabo Cruz, Niquero, Granma, Cuba"
"Hubbardiidae, Cook 1899","Hubbardiinae, Cook 1899","Wayuuzomus, Armas & Colmenares 2006","W. gonzalezspongai, Armas & Colmenares, 2006",NA,"Venezuela","South America","New World","Cueva en el fundo La Esperanza, Sierra de Perijá, parroquia Marcos Pérez Godoy, Mara, estado Zulia, Venezuela"
"Hubbardiidae, Cook 1899","Hubbardiinae, Cook 1899","Zomus, Reddell & Cokendolpher 1995","Z. bagnallii, (Jackson 1908)","Trithyreus bagnallii, Jackson, 1908; Schizomus bagnallii, Sissom, 1980; Cokendolpher, Sissom & Bastawade, 1988","Seychelle Islands","Eastern Africa","Old World","Kew Royal Botanical Gardens, Surrey, England"
"♰ Calcitronidae, Petrunkevitch 1946",NA,"♰ Calcitro, Petrunkevitch 1945","♰ C. oplonis, Lin et al. 1988",NA,"China","Eastern Asia","Oligocene","NE of Dongying, Shandong, China* (Oligocene)"
"♰ Calcitronidae, Petrunkevitch 1945",NA,"♰ Calcitro, Petrunkevitch 1945","♰ C. fisheri, Petrunkevitch 1945",NA,"USA","North America","Pliocene","Onyx Marble, Bonner Quarry, 27.4 km S of Ashfork, Yavapai County, Arizona, USA* (Pliocene)"
